so2 (ug/m^3),
19.77,
20.82,
27.07,
5.95,
3.89,
5.3,
17.11,
16.81,
19.81,
25.94,
23.36,
4.64,
3.32,
4.37,
12.69,
14.97,
17.04,
18.93,
20.96,
3.99,
3.22,
4.55,
12.68,
18.5,
19.11,
21.31,
26.94,
6.4,
4.41,
4.48,
14.97,
22.88,
16.22,
21.49,
30.62,
5.87,
3.72,
3.69,
13.56,
15.45,
15.92,
20.96,
25.83,
4.65,
3.34,
5.09,
13.5,
18.11,
10.03,
18.17,
16.08,
4.26,
3.23,
3.71,
9.92,
13.84,
20.19,
23.24,
20.07,
4.87,
3.69,
3.65,
7.71,
14.39,
20.07,
24.51,
19.81,
4.05,
3.75,
4.06,
11.28,
10.94,
16.52,
20.64,
24.75,
6.76,
5.48,
5.5,
13.85,
25.46,
25,
25.04,
24.18,
4.97,
3.47,
4.75,
11.78,
16.24,
25.86,
23.8,
21.2,
6.01,
4.49,
4.93,
12.56,
23.49,
17.32,
20.01,
25.15,
4.66,
3.74,
6.09,
12.16,
12.89,
15.11,
18.53,
13.52,
4.04,
4.07,
4.36,
14.41,
10.96,
14.29,
14.85,
17.82,
4.17,
4.32,
5.86,
15.18,
12.23,
15.22,
20.66,
22.53,
4.37,
4.05,
7.5,
12.47,
16.14,
13.67,
12.37,
14.53,
6.87,
4.17,
4.31,
11.32,
12.65,
11.64,
11.58,
12.03,
3.82,
4.37,
5.97,
13.76,
13.6,
17.53,
21.73,
22.42,
6.83,
4.28,
5.55,
11.63,
14.88,
15.73,
21.61,
22.99,
7.61,
3.67,
5.27,
11.02,
12.93,
14.31,
15.04,
16.97,
5.66,
4.43,
4.7,
14.17,
19.4,
17.33,
15.97,
20.69,
5.5,
4.92,
6.35,
15.15,
21.89,
19.27,
19.52,
18.56,
4.81,
3.46,
4.95,
13.54,
13.86,
14.37,
16.53,
17.34,
5.01,
3.38,
4.29,
12.78,
13.21,
14.96,
16.15,
17.14,
6.51,
4.67,
7.76,
16.26,
17.39,
13.3,
14.01,
20.8,
4.82,
6.54,
7.25,
9.61,
13.28,
14.94,
16.73,
16.99,
3.98,
3.12,
3.77,
11.02,
9.9,
14.45,
13.87,
17.38,
4.54,
5.35,
4.38,
9.11,
14.19,
14.14,
18.41,
18.04,
4.2,
4.02,
4.98,
17.09,
14.97,
15.05,
20.37,
19.81,
3.83,
3.05,
4.37,
13.54,
12.71,
14.31,
15.89,
19.44,
4.51,
3.41,
4.27,
10.82,
12.29,
14.77,
17.26,
18.31,
4.58,
3.5,
3.75,
10.83,
14.65,
13.9,
17.56,
19.24,
4.31,
3.42,
4.47,
10.09,
17.37,
16.33,
17.15,
19.07,
3.98,
3.86,
6.69,
19.92,
32.77,
14.4,
15.25,
15.05,
3.67,
3.4,
5.02,
7.61,
12.92,
17.94,
13.04,
14.56,
4.53,
4.94,
5.01,
10.2,
15.14,
24.62,
27.05,
26.01,
6.66,
5.44,
6.85,
14.67,
20.43,
17.46,
28.81,
37.89,
9.13,
7.31,
6.63,
14.59,
13.52,
17.62,
21.75,
33.95,
7.74,
5.16,
7.27,
13.12,
14.19,
17.05,
19.46,
22.62,
6.17,
3.91,
4.25,
13.38,
11.65,
16.64,
18.38,
19.88,
4.87,
4.21,
4.25,
13.43,
11.55,
15.35,
18.69,
20.33,
5.57,
3.77,
3.83,
13.84,
9.72,
16.4,
18.88,
19.2,
4.26,
3.61,
4.09,
13.02,
10.78,
14.48,
16.68,
18.51,
6.48,
4.23,
4.9,
13.34,
12.68,
16.82,
19.53,
19.85,
4.68,
4.23,
4.53,
11.44,
8.61,
11.62,
22.06,
21.08,
4.68,
3.74,
5.06,
8.04,
9.16,
13.28,
20.11,
20.66,
6.02,
4.44,
5.26,
12.71,
12.82,
15.23,
24.06,
24.56,
6.46,
5.3,
5.78,
11.45,
10.59,
17.55,
19.79,
23.02,
5.14,
4.26,
6.11,
14.7,
17.96,
16.89,
19.78,
25.11,
4.73,
3.8,
4.37,
14.53,
11.43,
13.14,
18.34,
21.56,
5.48,
4.06,
5.05,
11.95,
13.73,
22.66,
22,
20.45,
4.83,
4.22,
5.13,
16.82,
16.76,
19.66,
23.75,
23.81,
4.72,
3.76,
4.72,
11.69,
19.19,
14.47,
19.56,
22.94,
4.86,
3.71,
4.33,
10.78,
18.08,
23.28,
20.95,
23.77,
5.3,
3.72,
4.07,
9.16,
13.95,
14.31,
16.51,
19.89,
4.49,
4.15,
5.73,
14.42,
16.66,
18.29,
23.04,
28.72,
8.03,
4.39,
4.86,
16.31,
21.39,
14.84,
15.12,
20.69,
8.61,
5.97,
6.39,
16.07,
14.28,
14.89,
18.19,
20.94,
4.48,
4.03,
4.24,
12.68,
24.44,
16.33,
19.12,
21.8,
6.12,
3.47,
4.35,
16.63,
24.04,
16.73,
22.81,
28.1,
5.2,
3.76,
4.76,
11.28,
13.3,
18.14,
34.43,
28.72,
5.61,
4.24,
4.72,
10.01,
10.7,
16.66,
21.84,
21.25,
4.57,
4.06,
4.03,
11.26,
11.4,
20.16,
18.35,
21.19,
5.37,
3.23,
4.75,
16.95,
10.51,
17.75,
20.17,
22.24,
4.48,
3.41,
3.64,
14.49,
16.92,
18.42,
19.3,
22.21,
4.01,
3.26,
4.23,
12.25,
16.37,
20.36,
24.47,
27.25,
6.16,
5.49,
5.35,
12.37,
14.02,
13.68,
29.44,
38.7,
6.12,
5.02,
4.83,
10.79,
11.9,
17.21,
28.48,
21.08,
7.46,
6.44,
6.17,
13.64,
15.4,
13.07,
19.95,
33.35,
6.05,
4.91,
6.43,
12.58,
13.45,
16.53,
19.78,
26.4,
4.98,
3.27,
3.53,
11.61,
11.09,
11.08,
14.62,
23.38,
5.72,
4.13,
5.13,
11.54,
14.57,
18.58,
19.16,
24.95,
7.03,
4.54,
3.98,
10.74,
12.69,
13.38,
18.39,
30.72,
6.4,
4.57,
4.87,
10.6,
16.27,
19.06,
26.98,
32.63,
6.06,
4.72,
5.72,
14.46,
17.59,
15.86,
13.18,
14.32,
4.96,
3.96,
5.72,
13.95,
26.68,
20.76,
13.87,
15.98,
6.19,
5.49,
8.27,
13.99,
12.72,
16.96,
18.21,
24.01,
5.82,
3.64,
4.39,
11,
8.5,
9.15,
10.85,
10.59,
3.28,
3.75,
8.99,
11.07,
15.52,
20.05,
19.16,
21.03,
4.23,
3.7,
4.57,
12.89,
17.56,
15.33,
18.82,
21.58,
4.22,
3.46,
4.37,
15.34,
11.54,
14.3,
18.63,
20.29,
6.37,
4.62,
6.33,
18.59,
24.63,
14.61,
17.33,
24.96,
10.23,
5.88,
5.46,
15.18,
10.53,
18.27,
18.54,
22.1,
6.02,
5.01,
10.25,
13.65,
14.03,
14.53,
33.69,
36.25,
10.88,
7.29,
5.75,
11.79,
15.78,
21.83,
36.73,
62.98,
5.25,
3.8,
4.65,
8.41,
8.81,
15.43,
25.73,
26.68,
4.95,
5.16,
6.57,
15.23,
10.94,
15.39,
21.8,
29.26,
4.4,
3.4,
4.62,
10.56,
16.13,
17.18,
32.49,
49.48,
9.08,
5.35,
4.85,
10.25,
8.67,
12.84,
17.85,
25.77,
4.95,
4.08,
5.42,
17.73,
29.89,
46.88,
33.93,
24.3,
5.86,
5.13,
7.97,
16.78,
19.7,
31.19,
33.92,
35.46,
6.72,
5.92,
6.55,
15.68,
13.56,
18.31,
31.7,
27.4,
7.7,
7.06,
7.75,
19.88,
18.01,
30.5,
24.04,
21.21,
9.68,
4.99,
6.43,
18.02,
15.66,
21.02,
18.13,
16.14,
12.99,
6.35,
9.29,
13.79,
10.55,
12.87,
18.77,
22.56,
5.22,
4.03,
7.35,
10.71,
11.49,
11.68,
14.89,
20.87,
8.93,
5.08,
6.25,
18.96,
20.54,
30.99,
30.99,
52.54,
11.82,
9.33,
10.41,
16.52,
17.35,
48.94,
56.94,
38.14,
6.98,
5.19,
6,
17.41,
21.33,
27.36,
37.29,
38.98,
9.44,
5.3,
6.82,
17.62,
36.81,
33.32,
34.45,
46.5,
12.76,
6.23,
6.06,
18.16,
14.68,
31.19,
44.24,
66.65,
11.08,
9.24,
10.89,
11.58,
13.56,
11.31,
11.68,
14.03,
4.33,
4.06,
5.6,
12.04,
18.31,
21.72,
27.64,
35.27,
7.76,
5.17,
6.4,
17.89,
39.43,
54.7,
39.43,
34.76,
9.79,
7.15,
10.34,
19.29,
35.2,
37.7,
31.26,
16.94,
7.66,
5.68,
6.69,
19.48,
31.62,
22.16,
30.14,
36.51,
7.47,
4.19,
3.97,
12.92,
13.1,
19.44,
18.27,
22.68,
4.98,
4.09,
5.1,
10.12,
11.21,
19.12,
27.41,
,
7.73,
4.84,
7.34,
14.61,
23.17,
24.85,
26.05,
39.19,
9.77,
8.13,
10.15,
19.42,
26.9,
22.29,
22.75,
26.34,
8.48,
5.29,
7.27,
17.08,
30.79,
34.05,
34.37,
34.18,
6.34,
4.71,
5.29,
18.38,
23.12,
33.2,
22.49,
28.68,
13.36,
5.71,
7.37,
18.54,
35.41,
27.41,
31.81,
21.46,
6.99,
5.84,
6.9,
20.11,
47.35,
37.26,
17.99,
18.6,
14.05,
5.57,
5.53,
16.24,
16.78,
14.34,
20.85,
30.85,
8.9,
6.21,
8.4,
17.48,
25.34,
20.86,
24.29,
24.53,
6.76,
5.11,
6.12,
18.04,
24.15,
24.08,
30.36,
35.65,
7.05,
4.95,
5.82,
17.43,
20.41,
26.09,
37.85,
49.03,
9.12,
5.98,
6.08,
17.25,
17.37,
23.8,
34.82,
40.51,
10.78,
7.35,
7.28,
16.45,
23.33,
23.17,
27.13,
29.96,
9.58,
6.99,
7.4,
17.06,
19.15,
17.92,
19.94,
22.12,
11.75,
9.45,
9.52,
18.64,
18.69,
21.52,
22.94,
23.64,
10.46,
6.66,
6.44,
15.28,
20.13,
24.98,
29.87,
23.22,
11.75,
7.45,
7.78,
20.63,
18.5,
18.27,
21.61,
27.09,
9.28,
5.32,
5.97,
15.21,
14.01,
17.37,
18.46,
20.98,
8.55,
6.99,
7.63,
15.6,
19.1,
19.5,
20.77,
23.06,
12.33,
10.67,
9.62,
16.37,
18.12,
18.45,
18.52,
17.97,
11.05,
9.13,
11.47,
18.9,
22.11,
27.84,
31.42,
28.61,
17.41,
12.58,
11.98,
21.05,
20.45,
18.89,
20.99,
21.16,
13.33,
9.19,
11.08,
23.36,
26.59,
24.6,
27.08,
27.94,
9.66,
7.72,
6.75,
18.43,
27.97,
30.11,
34.76,
32.35,
7.9,
4.64,
5.67,
18.97,
21.86,
26.83,
41.31,
33.39,
7.41,
4.42,
4.76,
16.5,
17.83,
24.98,
39.64,
35.8,
9.66,
5.22,
6.22,
21.87,
32.96,
39.36,
34.53,
72.67,
9.63,
4.61,
5.58,
15.36,
19.36,
26.45,
41.32,
53.1,
11.55,
5.87,
7.16,
20.94,
24.61,
42.96,
42.46,
36.63,
8.72,
5.57,
6.73,
21.66,
27.55,
42.29,
45.64,
50.35,
9.84,
4.46,
5.18,
16.86,
23.14,
22.45,
28.16,
36.7,
6.28,
3.75,
4.98,
16.55,
20.55,
28.78,
48.56,
32.02,
10.38,
7.08,
8.55,
18.78,
18.37,
21.69,
33.38,
45.19,
9.16,
5.78,
6.53,
21.74,
19.6,
24.35,
29.19,
40.98,
12.18,
8.48,
10.53,
24.02,
43.32,
56.48,
67.07,
71.33,
17.64,
10.16,
9.11,
21.41,
,
23.39,
15.86,
12.81,
9.35,
4.44,
9.14,
16.28,
18.37,
31.67,
43.92,
55.94,
12.02,
5.49,
5.94,
13.36,
21.57,
37.7,
31.2,
30.27,
7.18,
4.3,
5.48,
14.53,
15.73,
32.8,
18.16,
22.96,
10.26,
7.35,
7.29,
17.64,
16.75,
19.85,
21.48,
25.36,
9.57,
7.18,
7.26,
16.48,
14.97,
22.83,
22.22,
24.33,
9.27,
5.45,
5.16,
15.28,
14.71,
18.44,
18.4,
24.77,
14.23,
5.64,
5.56,
18.44,
23.78,
34.36,
24.85,
23.73,
7.82,
4.39,
4.39,
12.77,
15.9,
23.52,
22.76,
22.59,
6.99,
3.94,
4.81,
17.47,
20.07,
22.51,
22.88,
24.75,
8.45,
4.66,
7.28,
23.42,
21.8,
31.46,
22.25,
22.67,
5.51,
3.31,
3.92,
14.61,
17.6,
20.77,
18.1,
23.98,
9.98,
6.1,
6.55,
15.94,
22.99,
21.18,
20.9,
22.54,
6.88,
4.17,
4.46,
16.02,
18.79,
19.75,
18.35,
23.07,
5.91,
5.83,
5.1,
16.59,
23,
24.86,
18.7,
21.37,
7.98,
5.47,
6.02,
14.67,
17.51,
29.5,
27.35,
28.93,
7.77,
4.62,
5.16,
14.58,
19.98,
26.22,
32.54,
44.4,
7.38,
4.46,
4.77,
15.39,
30.03,
37.12,
37.82,
39.43,
7.23,
3.84,
5.5,
14.65,
20.42,
19.85,
15.95,
19.52,
7.85,
4.75,
5.26,
17.66,
21.25,
23.02,
39.13,
34.55,
8.91,
6.26,
6.8,
22.16,
29.91,
38.75,
59.01,
67.65,
10.26,
6.19,
6.61,
22.15,
21.61,
24.74,
37.36,
54.08,
9.44,
6.5,
5.42,
11.74,
12.47,
14.13,
13.79,
22.55,
5.07,
4.33,
4.66,
13.01,
12.99,
12.93,
22.02,
43.28,
7.29,
5.74,
6.89,
19.07,
15.38,
21.4,
32.88,
32.4,
8.11,
4.78,
5.12,
19.22,
22.29,
22.34,
38.68,
39.41,
6.05,
3.02,
4.11,
9.98,
19.47,
13.72,
14.56,
16.84,
7.37,
4.96,
5.33,
14.82,
19.07,
22.02,
24.03,
27.75,
13.96,
9.83,
8.51,
16.51,
22.86,
19.01,
21.31,
21.39,
9.81,
9.64,
9.51,
18.21,
20.65,
19.15,
20.32,
22.35,
10,
7.66,
7.81,
15.64,
16.41,
16.7,
20.4,
22.09,
10.49,
6.8,
6.12,
14.89,
16.38,
17.07,
19.79,
22.58,
10.12,
6.45,
5.56,
14.28,
18.31,
24.64,
25.59,
25.73,
9.02,
5.1,
4.78,
13.3,
18.07,
24.48,
23.13,
23.32,
6.19,
3.84,
3.72,
10.8,
21.55,
14.34,
15.53,
20.34,
7.36,
5.07,
5.63,
13.95,
20.1,
18.59,
21.26,
28.31,
15.97,
9.7,
7.99,
16.57,
18.93,
18.2,
20.09,
20.98,
14.77,
8.66,
8.27,
19.06,
19.02,
18.16,
18.36,
22.44,
14.75,
8.86,
7.71,
17.45,
19.08,
19.7,
20.73,
24.82,
10.49,
4.84,
5.54,
18.26,
16.22,
18.87,
18.91,
22.34,
5.83,
3.47,
4.57,
14,
17.31,
18.52,
15.29,
17.29,
5.04,
3.16,
3.71,
13.52,
18.57,
18.5,
16.67,
22.37,
6.98,
4.43,
4.6,
15.83,
25.71,
29.59,
25.04,
21.49,
5,
3.78,
4.43,
18.77,
27.09,
54.72,
81.76,
40.42,
5.19,
3.74,
4.29,
18.63,
31.4,
35.04,
41.59,
47.39,
5.66,
4.03,
5.1,
22.49,
33.33,
30.73,
31.6,
31.95,
9.97,
4.41,
4.7,
18.68,
27.85,
26.99,
34.49,
49.5,
11.94,
7.53,
8.02,
12.23,
15.25,
14.45,
15.93,
18,
3.42,
2.74,
3.03,
10.63,
12.56,
12.48,
12.59,
11.48,
3.74,
2.94,
3.65,
10.99,
13.78,
17.08,
28.57,
35.41,
5.94,
5.59,
7.02,
16.62,
14.71,
24.46,
17.42,
16.83,
9.44,
8.59,
6.79,
14.04,
21.39,
31.76,
34.17,
26.26,
8.89,
5.5,
5.78,
11.57,
10.89,
15.36,
17.95,
16.78,
6.1,
4.27,
4.51,
13.46,
16.86,
17.59,
19.93,
22.45,
7.63,
4.67,
4.91,
13.64,
14.78,
16.46,
17.51,
20.91,
5.84,
3.77,
3.96,
13.63,
14.42,
17.88,
20.1,
21.44,
6.2,
4.25,
6.45,
20.42,
33.65,
49.37,
28.57,
35.07,
7.75,
5.98,
6.79,
17.65,
30.21,
56.11,
58.78,
39.42,
10.5,
8.47,
9.25,
22.88,
34.92,
48.83,
33.86,
73.98,
8.05,
4.47,
4.71,
16.32,
29.09,
54.13,
66.48,
35.68,
6.52,
4.03,
4.57,
14.52,
25.84,
50.25,
46.63,
35.41,
6.21,
3.69,
4.99,
18.67,
29.17,
41.77,
40.98,
49.34,
7.67,
5.43,
7.26,
22.29,
27.12,
24.51,
31.88,
44.35,
10.88,
7.36,
9.02,
16.59,
16.71,
15.53,
29.32,
58.57,
8.41,
6.34,
6.96,
17.34,
17.67,
20.98,
35.43,
49.92,
8.67,
6.81,
8.17,
13.47,
12.55,
13.7,
14.99,
18.17,
4.99,
3.61,
4.18,
8.49,
19.84,
37.93,
17.88,
17.58,
4.44,
3.9,
4.44,
10.39,
12.87,
16.08,
14.36,
15.78,
4.23,
3.53,
4.38,
12.97,
16.56,
22.14,
18.89,
20.85,
4.61,
3.64,
3.93,
10.02,
12.11,
13.44,
17.15,
18.98,
4.5,
3.8,
3.67,
10.73,
10.93,
11.32,
13.3,
16.87,
4.09,
3.37,
3.34,
9.61,
9.61,
13.1,
16.05,
17.87,
3.89,
2.83,
3.23,
9.87,
10.8,
14.3,
13.05,
13.12,
4.32,
3.69,
4.47,
10.88,
15.72,
14.82,
15.76,
17.73,
5.71,
4.22,
4.2,
14.5,
16.52,
19.86,
20.59,
13.78,
5.29,
4.14,
4.28,
15.08,
17.07,
24.35,
20.98,
20.51,
7.94,
4.24,
4.35,
14.32,
16.16,
20.49,
25.53,
22.87,
6.05,
4.39,
4.78,
13.7,
16.51,
22.12,
19.63,
14.05,
6.54,
4.94,
5.33,
12.96,
19.21,
16.47,
18.65,
19.61,
6.32,
5.55,
6.06,
11.75,
12.12,
15.35,
28.62,
27.36,
6.82,
4.88,
5.41,
12.01,
11.18,
11.37,
14.35,
18.16,
4.03,
3.63,
3.93,
10.64,
10.03,
10.31,
13.66,
24.36,
4.6,
4.02,
4.56,
10.79,
12.27,
14.4,
22.96,
41.16,
6.75,
4.9,
5.19,
11.24,
18.59,
17.66,
35.29,
24.77,
3.76,
3.1,
3.26,
11.19,
15.8,
28.89,
16.36,
18.12,
4.86,
3.21,
3.63,
15.01,
20.45,
33.46,
36.48,
33.66,
6.33,
5.25,
5.74,
17.03,
16.19,
16.16,
22.6,
33.92,
6.14,
5.66,
5.98,
10.95,
13.59,
11.91,
13.98,
24.04,
5.78,
4.87,
4.73,
11.84,
11.6,
12.24,
19.49,
27.88,
5.54,
4.87,
3.91,
11.2,
12.99,
14.5,
15.47,
15.93,
3.86,
3.3,
3.68,
9.75,
11.67,
14.2,
17.48,
23.78,
5.33,
4.66,
4.69,
7.77,
11.7,
14.49,
16.45,
20.02,
3.8,
3.12,
3.35,
8.51,
8.73,
8.68,
13.62,
16.52,
3.6,
3.04,
3.19,
8.19,
9.26,
11.08,
15.06,
27.28,
3.9,
3.18,
3.28,
9.67,
10.44,
13.24,
18.39,
42.17,
7.26,
4.26,
5.18,
5.59,
20.25,
34.58,
34.63,
35.09,
6.82,
5.03,
7,
16.93,
26.92,
28.97,
30.64,
39.52,
7.6,
4.93,
6.03,
18.91,
15.69,
15.57,
30.28,
53.7,
7.81,
3.79,
5.07,
9.13,
10.7,
12.47,
17.53,
29.76,
5.73,
4.37,
4.34,
9.88,
13.91,
25.73,
26.09,
38.29,
8.17,
6.39,
6.37,
10.15,
11.64,
18.08,
26.95,
44.08,
6.05,
4.34,
4.16,
9.56,
9.7,
11.72,
11.04,
14.52,
3.74,
2.92,
3.15,
9.23,
9.57,
11.02,
11.87,
12.47,
3.12,
2.68,
3.01,
8.97,
9.44,
9.82,
11.86,
14.35,
3.97,
3.54,
3.72,
8.69,
11.3,
11.75,
20.37,
40.14,
4.83,
3.69,
3.98,
8.13,
9.95,
10.88,
14.67,
16.21,
3.98,
3.76,
3.57,
9.69,
10.86,
12.57,
15.26,
32.36,
4.54,
3.18,
3.2,
8.7,
8.74,
16.47,
33.25,
39.25,
6.44,
3.44,
3.54,
8.81,
10.59,
14.8,
31.38,
13.26,
6.56,
4.83,
4.48,
11.52,
15.83,
27.23,
33.59,
28.56,
7.81,
4.53,
4.53,
13.05,
14.15,
21.96,
37.4,
73.05,
7.82,
4.12,
4.1,
13.45,
20.14,
20.2,
28.36,
44.2,
6.04,
4.38,
5.42,
10.49,
11.31,
11.41,
14.22,
16.5,
4.44,
4.12,
4.21,
10.13,
8.23,
9.77,
10.3,
13.5,
3.82,
3.05,
3.23,
7.9,
7.35,
9.43,
12.29,
16.49,
4.34,
3.64,
2.97,
8.89,
10.95,
10.73,
13.75,
17.79,
3.31,
2.53,
2.74,
8.03,
8.95,
10.94,
15.84,
25.57,
3.36,
2.56,
2.86,
8.68,
10.1,
10.07,
12.86,
22.11,
3.52,
2.55,
2.78,
6.66,
9.05,
9.52,
11.92,
13.81,
3.2,
2.82,
3.01,
8.19,
8.81,
9.81,
13.57,
17.67,
4.19,
3.45,
3.11,
7.58,
7.91,
7.55,
11.98,
19.25,
4.51,
3.78,
3.83,
8.34,
15.01,
16.87,
26.42,
19.56,
4.97,
3.86,
4.74,
15.09,
15.67,
20.52,
37.33,
44.49,
6.04,
3.69,
4.93,
10.4,
15.88,
22.16,
36.39,
67.61,
6.99,
4.31,
3.97,
16.24,
16.05,
20.11,
18.75,
23.83,
4.69,
3.34,
3.72,
8.27,
8.61,
11.28,
14.54,
16.67,
7.14,
4.41,
4.95,
9.24,
12.24,
17.55,
30.21,
54.36,
6.83,
5.86,
8.88,
12.26,
16.63,
22.91,
22.27,
33.73,
5.12,
3.65,
3.97,
9.07,
7.56,
10.58,
9.68,
15.3,
4.32,
3.58,
3.41,
8.35,
8.99,
10.39,
11.85,
15.3,
4.26,
3.65,
3.77,
10.62,
9.01,
11.37,
16.39,
22.28,
5.21,
4.07,
4.41,
12.13,
15.48,
22.02,
20.66,
33.58,
12.1,
8.19,
9.02,
19.98,
18.32,
25.55,
23.4,
53.17,
12.28,
7.59,
7.89,
16.36,
13.46,
16.88,
23.97,
36.07,
8.02,
5.63,
4.69,
10.71,
10.6,
11.04,
14.11,
14.77,
3.87,
3.15,
3.31,
8.31,
9.06,
12.48,
13.63,
14.79,
4.11,
3.05,
3.38,
9.06,
10.36,
11.02,
17.23,
29.83,
5.15,
3.81,
4.56,
9.5,
10.6,
12.53,
25.95,
12.68,
4.44,
6.21,
5.41,
12.08,
11.09,
17.61,
19.53,
19.27,
7.08,
5.17,
5.52,
17.62,
22.91,
30.09,
43.41,
51.69,
7.52,
3.95,
3.82,
13.2,
16.48,
27.57,
44.69,
66.93,
10.43,
5.75,
5.14,
9.82,
10.8,
12.62,
17.96,
23.11,
3.86,
3.1,
3.37,
9.04,
9.88,
10.06,
11.61,
19.33,
3.98,
2.91,
3.06,
9.12,
9.88,
9.16,
10.51,
14.09,
3.73,
2.95,
3.14,
9,
9.46,
9.5,
11.85,
17.47,
3.94,
3.01,
3.17,
9.31,
8.08,
9.25,
11.72,
17.44,
3.86,
3.18,
3.31,
10.21,
10.88,
12.19,
14.3,
19.39,
5.06,
3.69,
3.52,
8.79,
10.68,
18.89,
25.04,
20.43,
3.78,
3.13,
3.97,
5.43,
10.93,
20.03,
34.89,
26.71,
5.56,
4.48,
5.44,
14.08,
13.26,
14.4,
15.4,
18.03,
3.43,
3.23,
3.5,
9.02,
8.2,
8.15,
10.52,
12.96,
3.37,
2.71,
2.95,
9.02,
8.26,
9.29,
10.96,
15.3,
3.39,
2.9,
3.02,
8.55,
7.89,
7.89,
9.6,
13.5,
3.46,
2.82,
2.99,
8.81,
8.1,
8.98,
11.57,
14.14,
4.64,
4.13,
3.99,
8.97,
9.17,
7.66,
8.73,
12.01,
3.41,
2.8,
3.03,
8.55,
7.19,
9.38,
13.13,
25.19,
4.51,
4.09,
3.11,
8.23,
9.82,
9.61,
11.47,
17.38,
5.75,
3.62,
2.99,
9.47,
11.43,
10.98,
20.44,
38.35,
8.24,
4.58,
4.57,
11.74,
16.77,
22.58,
27.34,
39.3,
10.55,
6.9,
7.36,
12.49,
22.02,
32.17,
48.75,
38.42,
12.38,
5.69,
3.95,
12.18,
17.95,
19.79,
21.7,
15.47,
4.05,
3.51,
4.77,
13.06,
16.37,
27.6,
49.84,
45.03,
6.79,
3.21,
3.31,
9.52,
13.33,
20.91,
28.13,
21.28,
6.45,
2.92,
2.94,
9.62,
13.78,
15.58,
21.26,
19.1,
5.14,
4.91,
3.69,
9.46,
13.02,
31.23,
47.27,
45.07,
8.6,
4.09,
3.43,
10.42,
9.15,
12.55,
17.08,
17.79,
4.14,
2.86,
2.89,
8.01,
10.19,
10.81,
12.49,
19.35,
4.04,
3.46,
3.44,
10.06,
10.93,
13.95,
18.46,
21.02,
4.37,
3.55,
3.67,
8.79,
11.06,
14.07,
16.01,
29.14,
4.8,
3.78,
3.9,
9.73,
10.97,
13.25,
18.06,
30.65,
6.54,
4.71,
3.39,
9.97,
11.6,
11.34,
13.94,
27.05,
7.03,
5.94,
4.44,
10.24,
11.14,
15.6,
23.84,
28.35,
7.01,
5.47,
5.24,
13.27,
19.93,
21.05,
26.08,
29.04,
5.98,
4.16,
4.68,
13.45,
13,
17.02,
21.77,
28.88,
4.18,
3.08,
3.25,
10.16,
12.99,
16.73,
31.1,
28.49,
6.84,
4.97,
4.49,
12.39,
12.16,
16.96,
17.56,
18.74,
4.12,
3.66,
3.64,
9.68,
9.43,
12.43,
18.63,
22.51,
3.5,
2.81,
2.9,
8.76,
9.7,
9.72,
12.12,
11.98,
2.97,
2.47,
2.83,
7.57,
12.39,
13.82,
18.03,
19.35,
3.72,
3.26,
3.55,
10.13,
12.61,
15.89,
23.73,
20.17,
4.39,
3.44,
3.29,
10.39,
14.45,
13.52,
15.38,
28.65,
6.37,
4.25,
3.81,
9.34,
11.13,
12.01,
15.46,
18.98,
4.33,
3.53,
3.32,
9.19,
15.19,
13.33,
16.85,
20.69,
7.44,
5.27,
5.18,
13.3,
20.31,
34.69,
47.25,
46.37,
7.27,
5.6,
5.1,
10.61,
15.17,
16.69,
20.66,
17.95,
3.26,
2.74,
2.8,
6.12,
9.84,
12.15,
15.16,
19.9,
3.61,
2.74,
3.06,
8.02,
10.35,
17.52,
31.46,
39.16,
4.82,
3.41,
2.93,
7.56,
12.15,
14.26,
20.02,
20.73,
6.89,
5.25,
4.72,
9.79,
12.31,
23.94,
34.44,
38.18,
6.81,
4.24,
3.38,
9.27,
10.93,
14.94,
21.21,
19.66,
3.33,
2.65,
2.88,
6.43,
11.6,
13.47,
16.13,
17.68,
3.6,
3.16,
3.03,
9.8,
16.59,
17.92,
24.01,
24.8,
5.09,
4.25,
4.72,
13.34,
14.29,
17.71,
23.04,
25.34,
5.28,
4.56,
6.18,
15.21,
14.04,
20.52,
15.12,
15.26,
3.44,
3.28,
4.17,
11.29,
9.27,
17.11,
23.9,
24.39,
3.72,
2.9,
3.29,
7.4,
10.31,
14.78,
18.28,
21.32,
3.93,
2.97,
3.42,
6.67,
8.09,
12.09,
18.35,
29.26,
4.85,
3.44,
4.76,
11.58,
7.84,
10.04,
23.37,
21.3,
4.18,
3.08,
3.59,
5.58,
11.49,
15.72,
23.01,
26.65,
3.09,
3.09,
4.79,
10.08,
9.6,
20.23,
28.11,
25.95,
2.92,
3.03,
3.34,
9.55,
16.43,
16.03,
11.9,
10.51,
3.4,
3.62,
4.04,
10.63,
12.36,
8.78,
10.08,
9.21,
3.03,
2.95,
5.03,
10.8,
11.97,
10.03,
8.65,
8.01,
3.87,
2.95,
3.85,
9.03,
9.19,
6.12,
6.8,
8.34,
3.51,
3.52,
3.77,
10.26,
11.91,
14.29,
12.5,
13.4,
4.26,
3.06,
3.19,
9.81,
10.79,
14.36,
17,
17.77,
3.53,
2.71,
3.24,
9.18,
11.61,
14.76,
11.96,
10.31,
3.09,
3.45,
3.25,
13.35,
21.15,
25.86,
11.64,
18.12,
3.66,
3.64,
5.19,
15.61,
14.43,
14.74,
13.79,
16.85,
4.84,
3.03,
6.19,
10.8,
13.46,
16.98,
14.16,
14.44,
4.16,
3.19,
6.31,
14.36,
11.19,
13.21,
15.44,
19.05,
4.24,
3.38,
4.3,
14.29,
16.17,
15.92,
15.58,
18.62,
4.73,
3.62,
5.91,
10.94,
17.85,
19.92,
28.97,
31.06,
5.34,
4.13,
4.89,
10.7,
14.84,
20.07,
20.81,
20.73,
4.58,
3.61,
3.86,
10.69,
12.03,
17.65,
17.48,
19.58,
4.12,
3.36,
4.15,
8.97,
11.7,
23.37,
24.08,
24.58,
4.81,
3.51,
7.39,
19.9,
20.49,
18.63,
18.58,
18.02,
4.5,
4.12,
5.25,
14.35,
15.28,
24.76,
30.8,
23.29,
4.41,
3.85,
4.58,
11.04,
17.81,
11.96,
33.52,
43.34,
9.92,
5.04,
4.99,
11.68,
19.45,
30.86,
36.86,
35.19,
6.18,
5.23,
5.02,
12.47,
11.73,
20.81,
28.77,
26.82,
5.46,
4.45,
4.91,
10.59,
11.6,
11.64,
24.29,
22.31,
5.25,
3.69,
4.08,
9.98,
14.68,
24.53,
17.85,
21.04,
4.77,
3.7,
3.76,
12.26,
9.66,
15.87,
17.78,
21.85,
4.96,
4.46,
3.75,
10.72,
11.11,
12.88,
19.47,
22.99,
5.61,
4.11,
3.8,
9.9,
15.64,
15.72,
17.79,
17.26,
3.44,
3.43,
3.78,
9.64,
17.45,
13.82,
21.54,
24.54,
3.56,
2.98,
5.39,
14.13,
9.56,
13.66,
17.52,
13.26,
4.73,
3.47,
4.25,
10.42,
14.64,
19.58,
26.9,
28.88,
7.52,
4,
6.01,
18.38,
19.03,
27.3,
20.45,
19.14,
4.13,
3.58,
4.04,
19.15,
15.78,
16.03,
21.32,
25.12,
5.52,
3.86,
4.07,
11.21,
18.64,
21.77,
22.52,
23.1,
4.52,
3.33,
3.79,
13.86,
15.87,
17.57,
16.34,
20.07,
4.43,
3.88,
2.47,
12.44,
11.35,
13.94,
17.52,
22.41,
3.94,
2.66,
5.02,
14.31,
20.08,
15.41,
19.68,
18.82,
3.22,
2.22,
2.62,
11.4,
11.95,
13.97,
14.16,
16.41,
6.28,
5.93,
8.45,
17.15,
21.74,
9.81,
9.94,
13.3,
6.09,
4,
5.35,
12.98,
9.98,
13.36,
14.28,
17.23,
9.46,
5.34,
9.36,
16.24,
21.96,
15.59,
15.8,
15.73,
14.4,
8.27,
7.53,
14.3,
17.51,
14.19,
16.37,
15.25,
3.86,
6.83,
8.72,
17.23,
14.44,
19.63,
20.86,
12.48,
3.59,
2.85,
4.2,
14.76,
11.27,
15.95,
7.92,
9.44,
5.48,
2.89,
4.96,
15.87,
14.95,
17.33,
14.62,
13.79,
4.27,
3.75,
4.17,
12.22,
13.01,
12.07,
13.67,
15.04,
4.99,
3.4,
4.58,
17.64,
10.7,
12.24,
14.69,
16.75,
3.98,
3.12,
5.2,
11.92,
11.69,
15.05,
16.6,
17.84,
3.28,
2.79,
5.4,
18.82,
15.12,
17.1,
16.98,
14.25,
4.35,
3.96,
6.77,
17.74,
23.2,
19.12,
12.91,
12.01,
4.46,
3.3,
3.06,
15.18,
21.03,
14.1,
17.95,
24.28,
4.68,
3.69,
5.44,
13.82,
23.88,
18.91,
18.14,
16.86,
3.9,
3.07,
4.63,
17.53,
25.49,
14.26,
16.07,
13.99,
3.69,
3.07,
5.03,
14.82,
26.56,
33.5,
12.76,
11.71,
4.46,
4.84,
3.86,
16.19,
13.07,
12.39,
15.08,
18.56,
3.16,
2.23,
2.72,
14.16,
15.42,
17.47,
19.68,
24.32,
3.81,
2.4,
3.59,
9.85,
15.92,
14.43,
19.86,
14.05,
7.04,
4.1,
5.33,
10.78,
14.82,
15.47,
17.37,
17.17,
4.93,
3.85,
7.15,
13.07,
18.78,
19.53,
24.03,
19.99,
3.08,
2.41,
3.07,
12.02,
15.02,
16.54,
16.05,
12.71,
2.94,
4.99,
5.64,
17.66,
20.05,
13.85,
32.65,
21.17,
4.17,
3.78,
4.18,
18.6,
11.84,
19.65,
14.46,
12.59,
3.33,
2.92,
4.12,
17.6,
24,
16.32,
17.74,
22.82,
5.45,
3.67,
5.75,
17.13,
11.15,
13.66,
18.03,
16.8,
4.48,
2.81,
3.97,
14.89,
11.83,
14.31,
16.79,
14.99,
5.27,
3.75,
3.44,
14.63,
9.72,
13.96,
16.51,
13.85,
5.18,
2.99,
3.1,
13.38,
17.14,
12.75,
15.42,
16.39,
4.55,
5.3,
6,
8.83,
15.1,
12.39,
11.27,
10.89,
7.1,
2.83,
6.32,
13.16,
13.11,
11.34,
11.54,
9.02,
6.23,
5.71,
5.9,
10.93,
11.03,
10.69,
11.88,
12.71,
3.77,
4.48,
5.42,
16.71,
13.06,
11.61,
21.02,
19.51,
7.43,
3.04,
6.51,
16.71,
14.67,
17.53,
17.33,
16.19,
4.12,
2.33,
3.29,
13.82,
13.98,
12.23,
13.91,
15.07,
3.41,
4.26,
3.22,
8.74,
13.22,
15.63,
13.61,
16.31,
3.04,
2.57,
3.96,
10.38,
13.63,
18.32,
19.72,
12.38,
4.23,
3.7,
4.86,
13.06,
12.37,
24,
21.58,
21.24,
6.93,
4.35,
5.71,
16.93,
11.16,
16.48,
18.97,
22.02,
4.46,
2.92,
3.07,
14.17,
21.84,
25.44,
18.52,
22.67,
4.69,
3.31,
3.8,
9.22,
11.31,
16.41,
17.83,
25.1,
5.77,
4.12,
4.93,
15.3,
14.99,
20.01,
24.43,
23.98,
6.38,
4.24,
4.42,
15.05,
22.93,
17.8,
20.83,
17.98,
6.9,
3.81,
6.11,
19.61,
29.52,
43.21,
32.03,
17.91,
3.7,
3.81,
6.17,
16.47,
12.93,
14.81,
19.46,
18.54,
4.57,
2.62,
5.78,
10.46,
11.71,
16.16,
21.44,
18.62,
8.27,
4.56,
5.77,
9.74,
11.86,
17.1,
16.14,
14.72,
5.85,
2.46,
2.81,
15.35,
17.74,
14.36,
14.32,
19.16,
3.72,
2.39,
3.04,
11.4,
16.6,
23.96,
20.88,
23.17,
4.04,
2.86,
3.2,
12.49,
17.45,
15.4,
21.21,
20.07,
4.34,
3.1,
4.81,
15.85,
9.59,
15.68,
18.57,
23.51,
6.74,
4.27,
4.75,
11.34,
13.8,
17.62,
23.14,
25.57,
5.9,
3.99,
3.88,
14.17,
10.39,
11.76,
17.43,
16.26,
4.89,
3.07,
4.82,
8.04,
13.05,
14.62,
17.97,
21.84,
4.97,
3.76,
4.1,
12.45,
12.4,
15.25,
20.09,
25.73,
8.85,
2.86,
3.82,
14.68,
18.22,
21.45,
14.26,
16.42,
4.9,
4.65,
6.97,
20.54,
28.56,
28.03,
35.77,
52.57,
13.3,
8.8,
10.76,
18.09,
22.61,
24.45,
27.12,
31.94,
8.83,
9.64,
10.12,
18.64,
16.7,
30.96,
30.71,
21.62,
7.46,
3.42,
4.59,
15,
13.92,
14.73,
15.19,
14.76,
6.12,
4.23,
5.87,
18.29,
32.04,
38.59,
18.25,
28.52,
8.35,
5.18,
5.41,
16.19,
17.29,
17.57,
19.63,
33.53,
12.82,
6.39,
7.07,
15.78,
16.22,
15.68,
31.69,
23.76,
12.29,
7.27,
7.83,
13.96,
11.63,
17.42,
22.75,
34.9,
5.45,
4.28,
4.01,
15.34,
15.43,
13.17,
15.95,
21.41,
4.58,
3.05,
4.44,
9.28,
12.64,
13.47,
14.39,
15.98,
3.79,
2.76,
4.98,
10.3,
9.79,
13.38,
15.75,
25.23,
5.51,
4.53,
5.6,
14.27,
21.91,
46.78,
34.24,
33.88,
7.24,
4.44,
5.02,
15.52,
15.95,
33.98,
42.36,
32.28,
6.06,
3.77,
4.86,
12.67,
16.65,
27.52,
43.68,
35.91,
17.83,
8.67,
7.26,
16.76,
30.5,
38.67,
28.64,
26.6,
6.14,
3.82,
5.21,
10.94,
21.09,
32.33,
47.7,
64.74,
12.74,
7.31,
5.04,
14.97,
15.53,
15.68,
25.02,
34.93,
7.83,
3.74,
4.05,
13.06,
9.59,
17.3,
25.72,
35.11,
5.7,
3.53,
4.21,
13.46,
10.55,
14.86,
20.44,
27.42,
5.36,
3.86,
4.84,
14.29,
12.39,
17.01,
18.39,
20.18,
5.19,
4.2,
5.45,
15.01,
12.01,
16.76,
17.04,
37.69,
10.29,
7.98,
5.89,
22.26,
25.5,
22.34,
33.37,
50.17,
11.09,
8.58,
9.08,
15.67,
20.31,
38.42,
33.3,
33,
18.53,
5.74,
6.39,
16.68,
20.36,
18.87,
34.05,
38.98,
13.5,
6.95,
7.77,
14,
18.23,
25.91,
41.63,
30.1,
10.44,
8.95,
10.46,
16.11,
26.49,
33.17,
42.62,
45.62,
8.21,
4.67,
4.45,
13.76,
20.16,
22.11,
22.78,
25.33,
6.99,
3.88,
3.45,
11.92,
26.65,
38.37,
37.14,
41.16,
11.09,
5.34,
6.99,
15.97,
19.45,
25.89,
13.98,
27.14,
10.21,
5.58,
6.34,
16.3,
13.43,
12.76,
22.43,
47.06,
8.78,
6.81,
6.57,
18.3,
29.22,
31.92,
15.77,
25.19,
7,
5.31,
7.8,
15.54,
27.44,
34.68,
25.38,
34.26,
8.22,
5.35,
6.48,
15.96,
19.45,
31.7,
35.5,
52.36,
8.72,
4.38,
4.79,
13.27,
26.45,
37.79,
49.13,
31.3,
7.98,
5.1,
5.52,
17.08,
20.33,
33.94,
54.15,
58.99,
9.8,
5.83,
7.31,
18.53,
19.79,
43.13,
62.77,
68.89,
9.84,
4.4,
4.83,
14.79,
16.11,
17.85,
18.21,
31.89,
7.73,
5.92,
8.04,
9.11,
16.76,
26.8,
27,
24.98,
5.01,
2.85,
3.01,
9.48,
13.55,
10.08,
11.61,
22.85,
5.43,
4.23,
5.47,
12.22,
18.3,
21.33,
38.21,
29.88,
9.62,
5.45,
5.25,
16.75,
13.08,
19.77,
27.41,
48.33,
7.55,
5.69,
5.91,
14.29,
25.66,
54.48,
39.46,
32.58,
13.79,
4.57,
6.54,
13.33,
22.53,
22.67,
32.07,
20.45,
6.13,
2.01,
2.54,
8.72,
10.21,
14.71,
19.33,
20.19,
5.74,
4.51,
3.39,
13.21,
24.47,
28.97,
48.47,
50.09,
11.71,
8.04,
6.99,
16.02,
34.17,
50.73,
21.03,
24.28,
8.41,
5.66,
6.56,
14.8,
22.16,
36.28,
54.44,
77.27,
12.67,
4.14,
4.37,
15.74,
23.24,
41.91,
43.14,
37.24,
7.92,
4.47,
5.82,
16.25,
20.49,
43.67,
47.2,
50.34,
10.11,
3.54,
4.13,
12.86,
19.56,
34.34,
36.38,
29.3,
6.31,
4.61,
5.02,
14.98,
28.25,
40.87,
30.19,
26.65,
8.1,
5.58,
5.72,
14.82,
24.83,
29.63,
24.62,
22.88,
7.54,
5.08,
5.55,
17.18,
27.11,
15.18,
16.08,
19.98,
9.91,
8.07,
8.57,
17.9,
24.07,
26.68,
26.98,
30.18,
13.46,
9.62,
10.12,
22.26,
27.19,
26.13,
26.47,
38.35,
15.59,
9.31,
9.38,
22.05,
26.06,
21.33,
24.28,
35.65,
13.8,
7.82,
8.41,
19.26,
29.89,
26.9,
28.25,
25.92,
13.27,
6.38,
6.76,
17.03,
34.76,
46.16,
29.94,
26.44,
10.25,
6.64,
6.89,
16.62,
26.3,
26.42,
25.59,
32.31,
8.09,
5.14,
4.72,
10.3,
27.25,
16.54,
19.65,
24.12,
6.19,
2.81,
3.71,
14.44,
26.56,
19.98,
20.32,
19.35,
4.58,
2.9,
3.98,
11.33,
20.6,
22.29,
24.55,
26.33,
10.2,
5.63,
6.41,
17.72,
25.05,
18.02,
24.8,
31.98,
17.77,
7.57,
7.35,
19.25,
32.08,
25.66,
29.11,
29.88,
8.52,
4.52,
5.11,
20.84,
41.69,
52.08,
24.49,
27.88,
7.21,
4.82,
6.25,
21.36,
37.65,
29.21,
27.34,
46.14,
12.31,
6.77,
6.45,
20.98,
45.86,
44.53,
57.02,
56.97,
13.19,
6.59,
6.76,
20.32,
29.89,
38.38,
39.58,
57.11,
14.63,
12.03,
10.27,
20.42,
13.66,
12.26,
12.17,
23.98,
5.21,
4.58,
5.54,
11.82,
12.32,
15.74,
20.3,
42.23,
6.81,
5.55,
5.98,
17.54,
13.84,
23.11,
39.19,
65.59,
12.48,
7.09,
7.73,
19.87,
23.04,
24.01,
26.36,
24.22,
9.98,
5.42,
5.31,
19.77,
37.56,
31.64,
45.48,
28.22,
6.83,
3.53,
4.28,
13.37,
14.54,
32.5,
31.71,
57.65,
9.63,
4.31,
4.68,
14.42,
23.57,
22.06,
35.45,
55.59,
9.95,
4.16,
3.98,
19.22,
29.71,
45.63,
42.79,
28.2,
8.02,
5,
5.79,
16.14,
23.65,
61.22,
50.33,
37.99,
10.37,
6.19,
5.47,
13.93,
29.4,
40.33,
36.66,
41.52,
8.16,
3.9,
3.55,
13.29,
27.72,
27.16,
31.67,
29.47,
7.02,
3.75,
3.97,
15.38,
24.83,
22.28,
19.84,
20.9,
7.13,
4.43,
4.35,
13.13,
16.04,
24.47,
38.93,
39.96,
6.97,
4.56,
5.33,
15.91,
16.9,
18.97,
22.86,
25.12,
6.43,
2.91,
4.38,
15.39,
19.32,
31.4,
35.51,
31.86,
5.94,
2.99,
4.48,
18.21,
33.77,
52.53,
70.64,
40.87,
5.66,
3.19,
4.07,
17.46,
19.78,
39.57,
52.08,
56.35,
6.16,
3.01,
3.7,
18.5,
37.52,
47.23,
47.83,
53.45,
7.96,
3.32,
3.12,
13.47,
29.69,
48.28,
66.18,
37.76,
4.36,
2.54,
3.38,
12.73,
21.59,
41.23,
51.99,
45.38,
5.1,
2.62,
3.09,
14.48,
18.79,
15.26,
31.84,
46.47,
9.98,
3.77,
2.93,
13.16,
35.32,
28.97,
49.52,
40.38,
5.66,
2.89,
4.13,
16.15,
18.65,
31.2,
33.81,
37.98,
14.38,
6.05,
5.48,
20.57,
12.27,
13.5,
15.77,
14.07,
7.8,
5.65,
5.9,
18.69,
17.58,
19.56,
21.53,
24.31,
7.09,
4.41,
5.69,
16.35,
31.85,
29.55,
18.97,
21.4,
5.61,
2.71,
3.47,
19.09,
26.64,
33.08,
27.27,
19.85,
6.45,
3.85,
4.15,
13.67,
18.92,
20.15,
16.79,
19.76,
5.28,
3.16,
3.39,
12.09,
17.07,
19.8,
21.52,
19.23,
5.11,
3,
3.08,
14.25,
15.16,
15.81,
16.05,
18.72,
5.63,
2.84,
7.59,
14.1,
13.24,
12.78,
14.45,
21.27,
7.28,
2.54,
2.71,
14.1,
14.61,
15.15,
16.22,
19.06,
5.61,
3.1,
3.22,
11.71,
19.36,
18.96,
18.5,
22.52,
6.72,
3.38,
3.65,
11.27,
20.21,
38.23,
37.47,
33.51,
5.25,
3.6,
4.18,
17.3,
25.26,
41.9,
38.26,
34.63,
8.08,
5.77,
5.62,
19.7,
30.71,
38.92,
36.76,
32.93,
6.57,
4.34,
4.96,
17.07,
24.04,
24.57,
26.12,
27.94,
6.29,
4.42,
5.18,
14.81,
28.19,
38.88,
29.82,
28.48,
8.79,
4.14,
5.88,
16.74,
29.46,
24.93,
23.18,
28.67,
5.59,
3.38,
3.62,
9.75,
19.83,
24.59,
22.68,
24.95,
5.33,
3.53,
3.85,
16.95,
28.66,
25.09,
21.72,
23.77,
7.13,
4.97,
5.63,
17.85,
21.66,
17.39,
21.95,
24.22,
9.49,
6.4,
7.06,
21.88,
25.35,
22.17,
26.44,
36.08,
15.75,
8.37,
9.23,
16.38,
26.54,
26.51,
18.81,
21.94,
3.7,
2.83,
4.55,
15.83,
16.81,
22.78,
23.91,
24.28,
8.14,
3.96,
4.16,
12.23,
16.05,
15.9,
18.16,
20.53,
6.91,
4.23,
3.66,
10.72,
16.75,
20.94,
18.09,
19.63,
5.19,
3.43,
2.91,
10.62,
17.5,
14.5,
17.14,
20.03,
5.77,
3.85,
3.29,
10.49,
19.07,
16.73,
16.48,
20.12,
8.47,
3.56,
4.58,
13.67,
14.58,
23.31,
27.58,
38.73,
10.09,
4.94,
5.1,
16.18,
18.74,
19.32,
22.15,
22.08,
5.82,
3.09,
4.47,
13.71,
12.69,
19.77,
27.7,
31.89,
8.43,
5.6,
4.98,
18.83,
34.44,
31.3,
32.87,
31.77,
9.2,
5.38,
5.6,
18.74,
16.9,
14.81,
23.84,
44.63,
6.69,
3.4,
2.89,
9.17,
11.32,
16.73,
37.76,
54.87,
8.26,
4.46,
4.7,
16.83,
27.5,
19.73,
21.52,
45.63,
9.77,
4.58,
4.65,
15.7,
18.24,
19.05,
33.65,
65.4,
10.14,
5.86,
6.84,
21.38,
15.48,
21.22,
33.09,
50.12,
9.71,
4.14,
4.38,
13.4,
26.22,
21.56,
37.65,
54.75,
12.53,
5.81,
6.43,
16.7,
20.42,
33.53,
44.31,
38.94,
11.92,
4.98,
4.52,
15.06,
29.51,
16.88,
24.23,
44.57,
9.12,
4.49,
5.32,
21.25,
32.01,
31.19,
28.63,
42.4,
11.77,
4.82,
5.23,
17.99,
26.61,
52.11,
63.22,
31.67,
4.9,
2.93,
3.29,
10.95,
24.7,
51.77,
18.6,
17.76,
8.42,
3.74,
3.97,
18.38,
17.5,
28.57,
40.72,
52.22,
6.2,
3.28,
3.48,
16.06,
32.89,
32.95,
42.75,
50.91,
5.69,
3.18,
3.69,
15.08,
23.15,
27.46,
42.67,
47.52,
7.56,
2.5,
3.36,
13.76,
16.34,
40.97,
49.3,
20.33,
3.73,
2.61,
2.88,
11.66,
16.73,
29.42,
36.86,
29.08,
6.01,
4.1,
4.08,
9.71,
17.45,
32.06,
51.73,
64.03,
6.57,
3.33,
3.28,
14.03,
18.2,
24.72,
32.13,
59.81,
7.98,
3.75,
3.08,
14.33,
13.67,
16.73,
36.26,
58.18,
6.3,
3.6,
3.14,
11.01,
14.72,
28.97,
28.07,
24.79,
4.31,
3.26,
3.46,
12.26,
25.53,
22.07,
30.01,
43.27,
5.92,
3.76,
3.88,
16.01,
20.95,
31.78,
64.15,
61.03,
7.51,
4.34,
4.26,
14.77,
27.11,
42.67,
49.73,
31.2,
7.69,
6.42,
6.79,
14.83,
24.34,
20.1,
26.04,
39.37,
8.17,
6.39,
4.66,
14.63,
16.81,
16.83,
25.21,
51.52,
6.16,
2.87,
2.72,
14.69,
20.77,
17.19,
28.19,
46.94,
9.55,
4.71,
4.85,
14.18,
12.78,
13.99,
18.98,
42.53,
5.68,
3.63,
4.1,
7.25,
15.36,
13.91,
16.64,
23.11,
5.17,
5.08,
5.06,
6.58,
13.02,
16.45,
13.59,
15.98,
3.84,
3.21,
3.55,
6.01,
8.04,
8.15,
11.14,
10.86,
2.33,
2.06,
2.49,
6.14,
9.36,
9.5,
13.59,
10.53,
2.47,
2.05,
2.55,
6.19,
10.52,
11.7,
17.2,
27.28,
3.65,
2.96,
3.67,
7.29,
10.95,
12.11,
19.64,
25.97,
3.25,
2.81,
3.31,
7.55,
10.48,
11.65,
17.56,
15.97,
3.08,
3.04,
4.88,
7.45,
8.58,
9.08,
16.27,
20.42,
2.49,
1.9,
2.45,
7.7,
9.51,
11.53,
21.62,
29.24,
4.35,
3.23,
3.28,
13.66,
22.27,
32.25,
40.67,
38.62,
12.29,
5.25,
4.13,
11.32,
10.6,
10.49,
12.52,
28,
3.31,
2.58,
2.92,
6.05,
7.33,
12.33,
12.44,
15.6,
2.77,
2.25,
2.99,
7.28,
8.32,
10.07,
12.27,
17.84,
2.57,
2.25,
2.53,
5.08,
6.43,
9.3,
14.02,
10.14,
2.51,
2,
2.24,
6.42,
7.81,
9.25,
11.51,
16.02,
2.79,
1.95,
2.05,
7.92,
7.66,
10.03,
14.24,
16.7,
2.19,
1.69,
1.94,
7.69,
10.25,
11.66,
11.97,
20.72,
2.72,
2.1,
2.28,
7.55,
9.19,
10.83,
19.68,
33.3,
3.69,
3.09,
3.14,
5.16,
9.47,
11.59,
16.33,
27.79,
3.41,
2.48,
2.28,
7.55,
8.91,
11.62,
13.84,
11.52,
2.08,
1.8,
1.93,
7.34,
7.54,
7.91,
11.52,
8,
2.53,
2.14,
2.18,
5.8,
8.03,
9.02,
10.38,
12.9,
2.15,
1.58,
1.77,
4.35,
7.45,
10.68,
15.31,
10.94,
2.64,
2.2,
2.01,
5.17,
6.85,
11.34,
17.29,
34.52,
3.19,
2.28,
2.61,
6.27,
10.7,
12.29,
15.05,
19.26,
2.46,
2.11,
2.25,
6.16,
7.21,
9.33,
12.23,
13.57,
3.02,
2.08,
2.15,
5.98,
7.92,
8.15,
9.14,
6.85,
2.21,
1.91,
2.24,
6.25,
5.22,
6.67,
9.77,
11.78,
2.66,
2.42,
2.85,
4.85,
5.35,
6.14,
10.18,
10.4,
1.91,
1.41,
1.79,
6.02,
6.97,
6.58,
9.97,
22.76,
2.88,
1.44,
1.88,
5.85,
6.22,
6.88,
12.17,
24.49,
3.6,
2.6,
2.17,
6.13,
8,
8.36,
11.45,
20.83,
2.61,
2.06,
2.2,
8.45,
10.61,
10.59,
12.92,
15.62,
2.27,
1.75,
2.06,
8.07,
8.23,
9.12,
11.3,
15,
2.25,
1.71,
2.05,
7.99,
7.42,
9.07,
11.55,
12.49,
2.72,
1.91,
2.03,
6.68,
8.77,
10.32,
13.24,
15.19,
2.9,
2.4,
2.53,
9.46,
11.21,
11.8,
25.12,
35.22,
4.54,
2.9,
2.56,
10.14,
10.77,
9.4,
11.12,
18.06,
3.4,
1.92,
1.92,
7.64,
9.99,
9.16,
14.13,
20.04,
3.37,
1.99,
2.22,
6.26,
8.31,
10.27,
11.54,
16.45,
2.62,
2.08,
2.65,
7.84,
10.14,
10.29,
14.9,
15.14,
2.77,
2.37,
2.64,
7.43,
10.17,
14.29,
21.28,
46.94,
4.71,
2.38,
2.88,
7.52,
13,
11.53,
14.47,
13.76,
2.66,
1.91,
2.23,
6.46,
7.28,
7.88,
13.71,
26.74,
2.67,
1.85,
2.04,
7.7,
7.83,
8.94,
14.83,
17.83,
2.52,
1.84,
2.2,
6.32,
7.28,
8.49,
12.86,
15.59,
2.89,
2.5,
2.55,
7.18,
7.71,
8.98,
12.2,
19.78,
3.88,
3.02,
2.73,
6.8,
7.91,
10.65,
13.28,
17.6,
3.54,
2.95,
2.77,
8.79,
10,
8.69,
11.68,
19.85,
2.62,
1.96,
2.17,
6.41,
6.21,
19.72,
32.96,
22.52,
4.27,
2.75,
2.62,
8.58,
18.15,
22.99,
53.37,
39.14,
4.89,
2.59,
2.52,
7.45,
8.14,
12.73,
20.48,
27.73,
3.28,
2.19,
2.79,
6.41,
6.44,
8.35,
16.05,
19.57,
2.9,
2.09,
2.35,
7.17,
9.14,
10.77,
12.78,
13.77,
2.15,
1.85,
2.3,
8.27,
6.33,
10.44,
11.75,
14.67,
2.42,
2.15,
2.3,
7.05,
7.52,
9.38,
13.02,
18.63,
3.22,
1.94,
2.08,
7.46,
11.03,
12.16,
13.13,
19.29,
3.24,
1.93,
2.35,
8.43,
10.07,
8.29,
19.72,
21.37,
3.81,
2.64,
3.13,
6.04,
9.98,
13.21,
11.18,
27.34,
3.03,
1.86,
2.02,
6.36,
8.58,
15.48,
13.13,
28.27,
3.82,
2.79,
3.04,
8.03,
9.22,
10.72,
15.96,
21.89,
2.64,
2.33,
2.7,
9.05,
9.31,
11.41,
16.73,
19.27,
2.78,
2.03,
2.51,
6.58,
9.54,
10.22,
13.49,
14.75,
2.3,
1.69,
1.84,
4.87,
15.18,
9.79,
16.25,
27.32,
3.2,
2.63,
2.84,
6.72,
8.93,
9.61,
10.57,
11.67,
2.42,
2.11,
2.21,
6.08,
8.28,
6.94,
11.07,
12.19,
2.26,
1.97,
2.62,
7.41,
8.55,
6.63,
9.17,
9.32,
2.53,
2.17,
2.09,
6.2,
6.26,
6.32,
8.91,
8.91,
3.41,
2.73,
2.85,
5.56,
6.99,
7.54,
9.63,
8.85,
2.37,
1.98,
2.18,
5.41,
8.19,
7.52,
9.04,
9.29,
2.6,
2.15,
2.41,
5.98,
6.31,
7.51,
8.67,
10.34,
2.32,
1.87,
2.06,
4.75,
6.48,
10.48,
11.35,
18.98,
2.86,
2.08,
2.15,
6.08,
6.85,
8.99,
7.87,
9.73,
2.68,
1.84,
2.03,
6.05,
6.92,
8.42,
11.76,
12.18,
3.01,
2.44,
2.2,
4.04,
5.83,
11.11,
13.94,
19.58,
3.96,
1.92,
2.07,
4.77,
7.92,
9.29,
15,
23.3,
5.27,
3.76,
4.39,
5.99,
9.18,
11.27,
10.35,
9.54,
2.68,
2.01,
2.29,
6.06,
6.74,
8.39,
8.59,
11.36,
2.05,
1.69,
1.99,
4.86,
7.66,
10.98,
22.2,
17.33,
4.38,
1.96,
2.09,
5.37,
8.69,
10.99,
22.8,
17.21,
2.82,
2.62,
2.81,
5.57,
9.09,
10.21,
10.95,
11.85,
2.66,
2.76,
4.23,
5.21,
7.9,
11.65,
12.95,
13.15,
3.26,
2.86,
2.82,
8.26,
5.37,
11.32,
25.31,
22.82,
2.42,
1.75,
1.9,
6.82,
5.29,
9.22,
9,
15.39,
2.34,
1.77,
2.15,
7.56,
8.5,
8.73,
16.41,
,
2.29,
1.65,
1.84,
6.2,
7.18,
7.27,
13.99,
17.03,
2.83,
2.23,
2.15,
6.29,
9.3,
24.09,
28.29,
25.1,
3.01,
2.15,
2.29,
7.32,
10.95,
16.68,
26.81,
21.86,
2.72,
2.13,
2.5,
9.9,
9.04,
14.71,
17.86,
16.42,
3.13,
2.81,
2.86,
5.38,
6.42,
11.58,
17.77,
16.1,
3.48,
2.68,
2.9,
3.98,
5.69,
9.83,
18.89,
27.17,
3.81,
2.3,
2.78,
9.76,
7.44,
17.64,
16.33,
15.5,
2.86,
2.06,
2.66,
5.78,
13.05,
15.63,
19.42,
15.72,
2.78,
2.09,
2.63,
6.76,
14.96,
25.59,
12.4,
13.71,
2.69,
2.02,
2.39,
5.45,
16.81,
14.03,
15.45,
19.79,
3.69,
2.67,
2.78,
7.61,
10.27,
18.33,
16.35,
16,
2.9,
2.83,
3.53,
7.85,
8.8,
19.79,
19.68,
20.37,
6.78,
3.72,
3.96,
9.5,
11.04,
15.86,
21.53,
19.76,
3.82,
3.22,
3.24,
12.02,
12.01,
16.26,
22.55,
21.42,
4.27,
2.95,
4.53,
13.89,
16.69,
22.37,
33.34,
30.87,
4.66,
2.48,
2.75,
6.41,
9.85,
24.03,
36.43,
21.34,
7.7,
3.54,
3.31,
8.75,
17.52,
16.48,
36.54,
21.26,
5.32,
2.66,
2.7,
8.23,
7.18,
15.09,
20.68,
17.61,
3.08,
2.26,
3.17,
9.68,
11.17,
11.39,
20.87,
14.96,
3.45,
2.19,
2.47,
8.72,
13.75,
14.69,
22.75,
16.82,
3.26,
2.66,
2.82,
7.54,
6.32,
10.1,
19.13,
15.26,
3.9,
3.38,
3.82,
6.1,
8.05,
12.29,
26.07,
19.31,
3.86,
3.01,
3.52,
7.6,
8.53,
10.99,
22.5,
28.47,
5.89,
3.69,
3.8,
7.81,
21.92,
31.56,
35.42,
24.9,
6.26,
3.24,
2.17,
8.07,
7.94,
16.93,
15.43,
23.8,
4.18,
2.82,
3.14,
12.99,
23.51,
23.97,
28.57,
17.31,
3.13,
2.14,
2.87,
7.88,
12.54,
18.58,
19.44,
20.18,
3.15,
2.37,
2.91,
6.32,
7.52,
30.36,
23.67,
33.52,
3.87,
3.19,
3.99,
8.96,
5.15,
21.27,
30.26,
38.7,
5.75,
2.23,
2.32,
8.67,
9.39,
12.24,
17.74,
22.01,
3.28,
2.13,
2.58,
7.8,
7.07,
12.5,
14.43,
18.53,
3.05,
2.6,
3.07,
8.54,
10.87,
15.2,
21.32,
26.52,
4.27,
2.31,
2.96,
11.24,
10.56,
12.45,
25.04,
23.45,
8.26,
5.27,
5.01,
10.13,
13.38,
13.65,
26.02,
21.46,
3.75,
2.94,
2.81,
8.98,
12.42,
16.35,
28.28,
22.84,
3.98,
2.46,
3.18,
11.84,
12.71,
14.93,
14.53,
27.65,
7.42,
6.26,
5.73,
13.21,
13.01,
11.73,
12.09,
18.64,
3.29,
2.05,
2.77,
7.87,
12.07,
14.31,
20.29,
20.41,
7.65,
5.63,
6.05,
9.73,
13.31,
25.59,
29.33,
20,
5.07,
4.2,
5.13,
7.92,
17.04,
24.59,
22.41,
28.56,
5.87,
4,
3.47,
7.22,
8.58,
16.03,
15.56,
19.16,
3.7,
2.43,
2.54,
10.18,
11.37,
16.82,
15.31,
16.59,
2.27,
2.03,
3.51,
6.77,
11.84,
18.59,
21.66,
11.96,
2.68,
2.55,
4.63,
13.54,
15.26,
13.01,
11.98,
14.01,
2.73,
1.95,
2.91,
7.13,
11.1,
18.38,
11.71,
10.7,
2.16,
2.07,
3.66,
9.35,
11.86,
9.89,
16.89,
18.59,
3.61,
2.57,
3.74,
9.2,
13.52,
17.4,
14.91,
14.66,
3.14,
2.57,
4.03,
10,
11.37,
16.22,
14.93,
14.55,
6.14,
4.01,
4.68,
13.58,
13.31,
12.7,
15.19,
12.16,
2.44,
2.21,
2.79,
8.49,
17.89,
16.05,
23.49,
16.47,
2.54,
2.78,
2.95,
9.24,
10.76,
15.22,
14.61,
17.06,
2.83,
2.52,
2.72,
8.22,
12.11,
13.17,
16.91,
25.03,
3.67,
2.52,
2.69,
8.15,
13.28,
14.61,
19.52,
22.47,
3.78,
2.53,
2.78,
11.22,
11.01,
13.42,
16.19,
19.29,
2.89,
2.26,
2.5,
9.78,
7.18,
12.19,
17.84,
20.77,
4.87,
3.5,
4.23,
9.98,
13.19,
13.63,
13.12,
22.11,
5.63,
3.54,
4.54,
11.8,
11.25,
11.35,
21.56,
24.79,
4.36,
2.67,
3.11,
7.1,
10.89,
11.21,
17.04,
18.56,
3.86,
2.54,
3.16,
7.8,
7.33,
14.12,
14.03,
20.77,
3.22,
1.94,
2.56,
7.4,
15.43,
11,
9.74,
9.45,
2.52,
2.32,
3.16,
12.52,
15.35,
11.3,
9.73,
15.85,
4.7,
2.51,
3.44,
11.85,
15.35,
10.89,
9.86,
10.5,
2.38,
2.24,
3.14,
12.06,
19.86,
11,
14.91,
13.38,
3.75,
3.25,
3.34,
12.65,
20.72,
16.69,
18.34,
21.15,
6.4,
3.41,
4.47,
12.68,
37.79,
14.21,
14.56,
29.15,
22.02,
6.21,
6.83,
12.39,
26.13,
21.62,
22.99,
13.58,
6.39,
2.89,
6.17,
12.82,
18.75,
26.58,
25.91,
19.71,
5.16,
3.74,
3.68,
13.79,
20.47,
26.55,
34.72,
33.64,
7.13,
4.67,
4.14,
13.15,
20.41,
13.42,
17.68,
24.1,
4.34,
2.66,
3.03,
13.56,
12.74,
18.71,
17.19,
17.78,
2.82,
2.19,
2.67,
7.67,
14.75,
21.1,
16.2,
19.97,
3.23,
2.19,
3.28,
7.96,
10.41,
16.48,
16.41,
21.4,
3.47,
2.5,
3.2,
10.19,
11.77,
15.09,
21.85,
21.43,
3.78,
2.65,
2.85,
8.39,
11.84,
19.08,
14.03,
24.27,
3.4,
2.47,
3.99,
8.45,
8.44,
14.71,
16.28,
19.72,
2.93,
2.12,
2.48,
10.19,
11.64,
14.17,
14.41,
15.75,
2.64,
1.82,
3.9,
10.89,
11.33,
15.76,
18.82,
23.22,
3.53,
2.05,
2.68,
10.66,
20.15,
29.64,
14.06,
18.95,
3.09,
1.99,
2.84,
5.85,
9.35,
16.35,
18.51,
22.35,
2.59,
2.07,
3.39,
7.96,
15.35,
13.91,
13.84,
13.86,
2.57,
2.09,
2.83,
8.82,
15.41,
16.57,
15.8,
17.42,
3.43,
2.6,
4.35,
8.61,
8.48,
11.32,
14.1,
23.85,
3.6,
2.91,
3.17,
9.42,
8.58,
12.78,
19.98,
25.31,
4.48,
3.36,
2.43,
10.95,
19.09,
25.41,
23.4,
20.54,
4.01,
3.64,
3.44,
14.71,
12.99,
11.6,
17.84,
21.35,
5.45,
3.84,
4.2,
11.47,
19.12,
13.51,
20.82,
21.78,
3.66,
2.58,
3.37,
7.93,
17.67,
19.15,
25.25,
34.48,
4.54,
2.62,
3.15,
11.23,
15.68,
24.45,
15.88,
21.41,
3.61,
2.53,
2.87,
11.69,
18.12,
24.13,
20.85,
24.37,
4.16,
2.94,
3.43,
14.21,
22.17,
18.09,
18.77,
17.36,
3.01,
2.06,
2.46,
9.79,
12.04,
20.39,
14.74,
17.72,
2.75,
2.19,
2.12,
7.2,
17.33,
23.49,
20.97,
18.35,
2.83,
2.58,
1.95,
5.53,
10.61,
10.47,
13.83,
14.02,
3.08,
1.88,
2.3,
7.93,
6.93,
10.78,
12.25,
12.97,
3.15,
1.87,
2.54,
10.18,
11.41,
11.96,
15.01,
19.28,
2.33,
1.45,
2.35,
8.52,
11.93,
16.64,
21.22,
31.39,
4.36,
3.39,
3.74,
11.01,
15.59,
12.72,
14.69,
18.3,
2.79,
2.02,
4.18,
10.66,
17.96,
20.73,
25.78,
32.24,
5.16,
2.36,
3.6,
13.17,
23.5,
29.26,
25.33,
29.61,
4.49,
3.15,
2.81,
11.48,
24.15,
18.58,
18.37,
21.74,
5.05,
2.25,
2.96,
8.52,
14.29,
16.84,
16.66,
17.84,
2.65,
2.32,
4.69,
13.68,
15.13,
11.36,
12.16,
18.55,
4.43,
2.55,
2.81,
11.96,
11.39,
16.46,
16.23,
14.65,
3.54,
3.02,
2.95,
11.68,
11.24,
10.5,
10.44,
12.73,
3.08,
2.69,
3.3,
9.09,
15.06,
15.96,
15.03,
13.16,
3.69,
2.58,
3.51,
12.83,
15.59,
25.61,
19.06,
22.15,
4.87,
2.47,
3.51,
14.16,
26.35,
22.05,
23.36,
20.48,
4.41,
2.84,
3.35,
15.19,
20.95,
17.18,
20.5,
18.49,
3.65,
2.08,
2.86,
5.68,
11.98,
17.43,
17.02,
18.53,
4.28,
2.59,
2.82,
8.38,
12.92,
14.02,
17.62,
17.37,
2.8,
2.69,
3.48,
10.37,
19.98,
24.26,
28.1,
27.56,
4.93,
3.87,
4.05,
12.53,
13.65,
16.44,
18.77,
20.9,
5.1,
3.79,
4.33,
11.22,
11.27,
16.35,
19.37,
23.1,
4.58,
2.66,
3.19,
11.27,
16.73,
15.95,
20.59,
24.72,
4.1,
2.95,
3.96,
12.99,
16.44,
22.17,
15.62,
23.15,
3.35,
2.62,
3.54,
12.16,
18.87,
30.9,
26.37,
19.65,
3.82,
3.43,
4.62,
13.95,
20.68,
16.52,
29.32,
19.58,
4.59,
2.81,
7.88,
15.12,
13.38,
13.55,
15.93,
23.16,
5.65,
3.02,
3.19,
12.21,
11.98,
13.73,
14.63,
14.87,
4.7,
2.96,
4.77,
13.73,
16.58,
17.06,
13.15,
17.59,
5.68,
3.02,
3.51,
12.31,
15.11,
16.92,
15.31,
16.33,
3.29,
2.32,
3.12,
10.37,
16.43,
14.89,
13.47,
16.97,
8.79,
4.11,
7.07,
14.59,
15.16,
13.97,
17.16,
17.33,
14.49,
5.29,
7.68,
8.57,
12.58,
11.06,
13.99,
14.29,
4.5,
2.8,
7.48,
14.26,
14.91,
14,
17.54,
10.33,
3.15,
4.46,
4.18,
12.39,
16.05,
17.83,
19.3,
21.57,
3.59,
2.91,
5.91,
10.43,
18.15,
18.11,
19.57,
14.08,
11.43,
4.49,
8.7,
16.68,
20,
21.75,
27.41,
18.6,
16.21,
4.45,
6.22,
16.62,
14.37,
12.32,
15.45,
28.47,
7.92,
4.59,
5.85,
11.83,
13.28,
22.05,
25.47,
30.84,
6.57,
3.59,
4.25,
12.33,
25.34,
15.78,
15.63,
23.17,
5.48,
3.07,
2.84,
13.65,
22.38,
14.39,
15.71,
19.86,
3.84,
2.76,
3.02,
10.74,
17.34,
20.12,
16.33,
17.9,
4.03,
2.54,
3.27,
11.88,
11.76,
17.23,
23.35,
27.86,
3.57,
2.95,
3.44,
14.68,
18,
19.07,
26.11,
30.26,
5.82,
4.37,
3.72,
9.61,
13.07,
13.17,
16.75,
20.65,
5.9,
3.79,
3.04,
10.7,
13.73,
13.74,
16.15,
15.63,
3.73,
2.74,
4.58,
11.69,
11.11,
11.38,
15.17,
16.86,
4.29,
3.85,
5.57,
15.39,
30.42,
30.84,
26.19,
34.04,
5.79,
4.58,
5.24,
14.27,
13.55,
18.58,
14.44,
22.61,
5.98,
5.97,
8.24,
17.22,
16.62,
18.32,
28.05,
24.61,
6.55,
4.76,
5.44,
16.23,
16.4,
18.1,
12.63,
16.19,
9.91,
6.23,
4.84,
17.61,
17.18,
18.24,
29.79,
19.02,
11.28,
9.29,
8.95,
18.07,
37.18,
53.98,
32.7,
34.29,
9.94,
6.32,
8.7,
13.68,
16.61,
26.98,
27.2,
11.24,
9.07,
5.12,
7.8,
17.56,
25.61,
36.36,
39.06,
36.04,
10.95,
4.38,
5.76,
17.12,
20.16,
33.28,
26.47,
17.41,
5.05,
3.01,
3.9,
12.8,
20.62,
43.61,
36.02,
54.17,
10.02,
5.67,
6.45,
16.34,
22.82,
23.06,
26.21,
23.56,
8.67,
6.18,
6.31,
16.88,
16.67,
18.66,
23.69,
24.31,
6.98,
4.34,
4.79,
13.91,
22.44,
18.67,
18.63,
27.68,
9.65,
6.63,
6.89,
17.55,
25.05,
33.01,
60.27,
54.2,
11.68,
6.69,
7.22,
17.87,
21.01,
24.13,
33.33,
29.66,
10.16,
7.43,
7.57,
21.16,
41.65,
53.63,
66.51,
74.6,
14.55,
9.1,
10.26,
16.85,
14.77,
14.94,
19.8,
29.59,
7.9,
5.15,
6.23,
11.61,
11.1,
12.3,
27.44,
18.32,
8.67,
6.47,
5.23,
12.04,
10.18,
11.49,
17.49,
21.15,
6.08,
4.85,
5.3,
13.18,
9.55,
12.93,
20.82,
25.78,
7.11,
5.13,
5.11,
12.18,
11.4,
18.33,
27.01,
26.08,
6.07,
5.03,
4.63,
17.56,
18.7,
34.91,
53.12,
34.18,
8.36,
5.17,
6.11,
19.09,
36.67,
53.29,
44.99,
48.32,
6.03,
3.38,
4.15,
15.17,
27.71,
15.69,
9.36,
35.7,
9.91,
5.06,
5.82,
16.74,
12.59,
20.73,
27.06,
47.63,
14.33,
7.64,
8.34,
18.23,
39.47,
35.44,
35.08,
53.03,
12.26,
7.07,
8.33,
13.44,
12,
18.1,
28.58,
36.91,
8.7,
6.81,
8.14,
15.47,
12.11,
25.64,
41.32,
37.35,
10.03,
7.08,
7.61,
14.77,
21.58,
18.34,
15.4,
41.61,
7.4,
4.18,
3.25,
14.05,
25.94,
16.43,
21.69,
11.75,
7.51,
3.23,
3.63,
13.17,
18.26,
24.88,
29.32,
28.1,
5.9,
3.49,
3.86,
14.23,
15.8,
22.69,
33.05,
29.89,
5.39,
3.26,
4.15,
14.41,
12.82,
28.36,
15.33,
17.46,
5,
2.99,
3.22,
13.61,
18.96,
18.58,
21.06,
22.87,
6.79,
3.76,
3.92,
15.64,
19.42,
22.38,
19.32,
23.53,
6.54,
4,
4.57,
15.08,
23.18,
25.1,
30.62,
30.16,
6.27,
3.52,
4.38,
15.04,
26.33,
29.86,
35.82,
49.15,
7.83,
4.32,
5.03,
15.69,
26.94,
29.49,
41.47,
59.64,
11.7,
6.14,
6.81,
19.13,
18.11,
25.59,
32.1,
44.72,
10.26,
6.84,
6.78,
13.44,
11.42,
11.77,
17.75,
40.36,
8.09,
4.6,
4.88,
12.48,
11.59,
15.2,
19.68,
56.06,
7.36,
3.78,
3.79,
14.87,
16.27,
25.94,
31.67,
30.91,
9.82,
4.18,
4,
14.84,
24.89,
25.74,
31.15,
23.73,
4.43,
2.89,
3.81,
14.08,
21.32,
23.99,
55.74,
51.92,
11.7,
4.47,
3.78,
14.3,
21.3,
23.14,
58.08,
16.71,
8.65,
5.03,
4.66,
12.29,
19.12,
20.56,
27.44,
31.64,
8.54,
5.92,
5.66,
17.03,
31.84,
25.27,
24.76,
40.59,
11.15,
6.05,
5.51,
12.81,
19.63,
22.95,
27.07,
22.8,
8.15,
5.54,
6.59,
17.79,
26.06,
30.19,
36.04,
39.46,
8.95,
4.19,
5.52,
19.4,
31.82,
25.09,
48.91,
47.25,
8.91,
3.97,
4.56,
13.52,
25.37,
43.67,
50.53,
35.35,
9.52,
6.94,
6.94,
18.28,
31.78,
61.87,
75.96,
50.45,
8.89,
6.04,
6.54,
21.24,
33.04,
42.04,
52.67,
50.79,
11.76,
7.82,
8.53,
20.83,
25.23,
34.28,
37.08,
54.09,
10.63,
6.63,
7.54,
18.7,
22.57,
27.72,
35.1,
38.06,
9.64,
6.64,
7.08,
17.1,
27.66,
28.85,
37.77,
38.86,
9.56,
7.63,
8.01,
20.18,
27.41,
42.31,
46.44,
54.58,
10.12,
7.22,
6.51,
16.13,
21.81,
43,
37.86,
44.72,
10.62,
5.92,
5.55,
16,
18.44,
26.39,
27.78,
28.2,
10,
7.49,
6.82,
19.37,
17.81,
26.19,
30.45,
29.38,
7.73,
4.43,
5.68,
14.19,
15.08,
18.18,
23.04,
20.81,
4.31,
2.09,
2.78,
13.01,
24.72,
18.37,
20.39,
27.64,
10.15,
6.12,
6.46,
16.21,
28.06,
40.84,
51.89,
60.39,
9.81,
5.63,
5.36,
15.4,
24.18,
21.75,
24.59,
34.06,
8.02,
6.77,
6.8,
11.85,
14.3,
17.14,
18.59,
34.7,
6.95,
5.24,
6.15,
16.54,
25.03,
30.2,
47.49,
45.86,
8.47,
3.79,
3.34,
11.56,
13.95,
16.9,
16.72,
19.19,
4.78,
2.79,
3.35,
11.72,
17.17,
25.34,
21.6,
20.29,
5.84,
3.68,
4.06,
12.92,
22.29,
34.55,
30.13,
28.95,
5.24,
3.01,
3.66,
10.73,
20.11,
40.66,
60.83,
72.49,
11.64,
4.93,
4.48,
13.55,
28.08,
34.61,
45.8,
56.68,
8.74,
3.91,
3.74,
13.55,
17.69,
54.23,
37.47,
39.55,
5.84,
2.54,
2.86,
11.76,
21.47,
25.4,
16.49,
20.94,
5.72,
2.82,
3.06,
11.39,
19.33,
27.7,
22.13,
24.63,
5.24,
2.56,
2.65,
13.56,
27.1,
27.54,
13.44,
16.82,
3.37,
1.91,
2.35,
11.31,
21,
13.56,
14.3,
18.24,
7.62,
4.36,
3.93,
12.19,
17.06,
27.33,
19.95,
33.27,
5.32,
2.74,
2.84,
11.33,
16.86,
40.81,
62.49,
51.03,
3.98,
2.29,
2.93,
14.19,
18.21,
28.17,
23.88,
17.21,
3.19,
1.92,
2.36,
10.65,
18.01,
12.48,
16.13,
18.72,
8.57,
5.2,
4.84,
13.48,
24.74,
19.05,
16.89,
21.16,
8.59,
6.08,
5.36,
14.49,
25.73,
16.28,
17.69,
23.01,
8.72,
6.01,
5.81,
15.47,
20.64,
15.5,
18.05,
20.1,
8.98,
6.5,
6.45,
16.7,
20.95,
17.91,
21.09,
21.04,
10.15,
7.41,
6.83,
15.5,
24.47,
18.68,
20.69,
22.64,
8.32,
5.62,
5.19,
13.77,
18.33,
21.07,
18.56,
20.92,
8.19,
4.4,
4.33,
15.6,
21.19,
22.62,
24.42,
27.49,
6.98,
4.82,
5.09,
16.83,
22.09,
35.72,
56.5,
61.67,
7.94,
3.99,
4.21,
11.98,
24.05,
43.74,
49.21,
42.9,
7.1,
3.63,
3.49,
12.44,
21.16,
25.44,
33,
25.31,
4.78,
2.54,
2.78,
11.78,
16.53,
24.37,
22.43,
26.26,
4.5,
2.41,
2.49,
9.24,
16.72,
24.01,
21.73,
24.38,
3.8,
2.18,
2.5,
10.43,
13.82,
18.73,
24.87,
27.12,
4.26,
2.16,
2.3,
10.17,
22.03,
44.24,
70.55,
66.72,
5.69,
2.41,
2.7,
10.49,
23.26,
16.45,
25.17,
43.52,
3.94,
2.19,
2.83,
11.86,
13.58,
15.49,
24.75,
38.84,
10.95,
4.22,
3.76,
15.64,
26.83,
21.46,
18.09,
43.61,
5.26,
2.88,
3.18,
13.61,
15.79,
20.08,
24.04,
49.89,
8.03,
3.26,
3.41,
13.31,
14.28,
17.07,
25.8,
43.95,
7.46,
4.22,
4.54,
15.11,
19.06,
16.17,
18.55,
27.05,
5.13,
4.66,
5.19,
13.66,
24.87,
16.57,
23.9,
50.36,
6.33,
4.47,
4.42,
11.22,
17.25,
13.88,
22.85,
33.56,
5.27,
4.71,
5.27,
12.95,
17.61,
16.17,
19.61,
27.79,
5.28,
4.36,
4.44,
12.92,
16.4,
15.82,
18.7,
48.65,
8.45,
3.76,
3.17,
10.31,
15.19,
14.44,
42.37,
17.28,
4.91,
3.37,
3.62,
13.19,
19.57,
23.8,
33,
58.82,
8.57,
3.98,
3.7,
11.98,
26.31,
26.93,
32.11,
51.46,
6.85,
3.25,
3.59,
13,
22.42,
51.05,
55.12,
59.67,
4.53,
2.32,
2.92,
9.54,
15.78,
20.64,
13.29,
12.84,
2.77,
2.04,
2.68,
9.41,
13.12,
16.89,
15.54,
19.99,
3.11,
1.91,
1.91,
7.73,
13.75,
15.43,
18.05,
22.84,
3.25,
2,
2.05,
10.73,
20.99,
28.61,
38.43,
46.12,
5.74,
3.18,
2.93,
14.74,
16.12,
18.99,
28.61,
28.69,
4.98,
2.97,
2.85,
13.94,
19.61,
18.02,
32.4,
59.11,
9,
3.79,
3.51,
12.47,
16.31,
15.76,
34.54,
48.6,
6.13,
4.12,
3.93,
16.61,
13.56,
17.77,
46.66,
62.27,
8.48,
3.82,
3.39,
15.19,
15.34,
23.57,
31.88,
45.64,
8.28,
4.42,
3.8,
14.3,
22.3,
27.17,
26.81,
49.47,
7.19,
3.78,
4.52,
11.94,
14.06,
16.19,
22.76,
33.27,
7.21,
6.18,
6.93,
12.35,
13.2,
16.1,
18.39,
30.87,
6.46,
4.11,
4.32,
8.64,
14.33,
12.64,
23.61,
39.48,
5.32,
3.48,
4.04,
7.89,
11.32,
14.57,
16.38,
26.09,
5.82,
3.42,
3.77,
7.96,
12.32,
11.13,
21.59,
29.34,
5.02,
3.96,
4.12,
11.36,
9.92,
12.35,
16.16,
20.41,
5.12,
4.27,
4.23,
7.83,
13.67,
13.29,
16.51,
41.93,
6.79,
4.82,
4.1,
17.85,
15.19,
12.91,
20.86,
48.68,
9.2,
5.05,
4.54,
10.19,
16.08,
13.44,
18.1,
22,
6.67,
4.37,
4.31,
8.64,
11.17,
14.41,
17.53,
54.17,
7.29,
3.96,
4.23,
16.27,
15.68,
12.76,
21.97,
50.34,
6.75,
4.21,
4.27,
9.65,
13.08,
14.02,
25.78,
45.86,
6.97,
4.32,
4.33,
8.72,
13.85,
13.11,
18.27,
24.39,
4.88,
3.49,
3.76,
9.8,
11.48,
12.44,
14.34,
18.02,
3.53,
2.91,
3.1,
6.88,
6.31,
7.19,
13.41,
9.89,
2.42,
1.99,
2.27,
5.66,
6.1,
6.99,
9.01,
14.19,
3.08,
2.41,
2.47,
9.65,
10.77,
10.14,
15.89,
20.27,
3.46,
2.1,
2.13,
6.98,
8.47,
17.05,
20.2,
18.85,
3.7,
2.63,
2.11,
9.47,
9.91,
12.13,
22.48,
34.07,
4.92,
4.75,
4.7,
14.01,
12.2,
18.71,
30.15,
23.8,
3.79,
2.68,
2.9,
10.58,
15.73,
23.84,
24.33,
17.89,
5.63,
3.32,
3.29,
10.5,
18.2,
18.83,
31.39,
24.42,
7.12,
4.05,
4.17,
15.13,
13.43,
13.91,
22.17,
46.52,
8.77,
4.58,
4.32,
13.97,
18.84,
16.43,
25.6,
42.41,
9.4,
3.74,
4.05,
12.22,
11.9,
10.27,
11.01,
11.88,
3.84,
2.63,
3,
9.33,
9.05,
8.82,
10.19,
15.68,
3.64,
2.61,
3.19,
8.57,
11.09,
9.73,
10.42,
14.07,
6.42,
3.22,
3.35,
8.66,
9.81,
10.79,
13.08,
21.43,
4.85,
3.19,
3.47,
14.22,
12.38,
12.32,
12.81,
37.9,
8.43,
4.23,
4.28,
13.94,
12.73,
13.97,
29.86,
25.86,
6.35,
3.31,
3.1,
8.79,
11.35,
18.26,
14.01,
17.96,
4.1,
3.43,
3.65,
12.65,
19.45,
23.54,
28.2,
26.78,
6.19,
3.11,
3.41,
13.53,
13.42,
12.11,
16.62,
18.01,
3.87,
2.22,
2.47,
5.97,
8.48,
8.83,
11.01,
12.56,
2.61,
2.02,
2.38,
6.3,
7.42,
7.54,
10.23,
11.26,
2.68,
1.74,
2.07,
5.29,
6.4,
7.3,
12.47,
18.24,
4.39,
2.57,
2.37,
8.34,
7.57,
8.08,
12.04,
28.53,
5.38,
3.11,
2.75,
8.97,
9.93,
12.63,
14.4,
19.91,
8.27,
3.39,
2.78,
7.53,
14.14,
13.73,
19.94,
17.15,
3.49,
2.49,
2.79,
9.17,
17.61,
22.08,
35.18,
42.23,
5.93,
2.58,
2.74,
9.46,
11.6,
28.3,
31.6,
32.38,
4.83,
2.7,
2.87,
8.23,
12.11,
25.11,
21.7,
11.7,
3.35,
2.62,
3.02,
9.44,
12.61,
13.61,
13.01,
14.25,
3.22,
2.54,
2.64,
9.9,
14.42,
19.17,
12.6,
13.47,
3.36,
2.58,
3.4,
12.6,
14.39,
22.53,
36.29,
27.1,
5.01,
3.61,
3.38,
11.53,
21.42,
23.38,
25.25,
45.06,
10.08,
4.62,
5.19,
9.18,
11.17,
11.48,
13.6,
23.92,
6.12,
3.75,
3.81,
9.44,
16.9,
12,
11.35,
16.28,
5.21,
3.46,
4.08,
9,
14.25,
11.71,
11.57,
18.39,
4.41,
3.42,
4.5,
6.88,
7.54,
9.89,
17.38,
33.7,
10.41,
2.74,
2.73,
7.58,
9.93,
9.79,
10.33,
14.51,
3.95,
2.33,
2.8,
5.93,
9.08,
8.74,
9.44,
12.83,
3.53,
2.43,
2.7,
6.22,
7.45,
8.1,
11.96,
10.42,
2.51,
2.01,
2.36,
5.71,
6.27,
6.67,
8.58,
12.19,
3.22,
2.04,
2.25,
5.62,
7.08,
9.03,
10.82,
16.04,
3.79,
2.77,
2.31,
5.33,
7.7,
8.49,
7.52,
8.13,
2.37,
1.87,
2.14,
5.31,
7.13,
10.48,
13.84,
14.78,
3.08,
2.23,
2.64,
7.45,
8.6,
8.89,
8.79,
11.67,
3.43,
2.92,
3.34,
8.39,
10.71,
9.24,
12.39,
23.83,
5.23,
3.3,
3.53,
8.04,
8.13,
8.6,
10.67,
13.6,
3.05,
2.72,
3.04,
7.71,
9.13,
9.15,
14.54,
16.69,
3.93,
2.66,
2.8,
5.67,
8.66,
8.26,
9.58,
11.41,
3.08,
2.27,
2.43,
5.38,
7.95,
8.16,
9.09,
10.08,
3.12,
2.41,
2.88,
4.71,
8.07,
8.17,
10.78,
11.87,
3.15,
2.41,
2.63,
5.1,
9.48,
7.94,
12.45,
16.1,
3.44,
2.58,
3.74,
9.25,
20.97,
24.02,
21.41,
20.61,
4.68,
3.05,
3.38,
7.28,
10.86,
12.07,
13.86,
12.6,
3.66,
2.23,
2.55,
5.21,
7.9,
8.96,
11.48,
10.23,
2.88,
2.32,
2.69,
5.27,
6.04,
5.91,
7.27,
9.05,
2.54,
2.21,
2.53,
5.17,
6.26,
7.19,
9.19,
9.26,
2.25,
2,
2.43,
4.92,
7.12,
8.19,
8.73,
12.08,
2.43,
2.06,
2.43,
5.58,
7.42,
8.45,
10.54,
12.45,
2.99,
2.16,
2.54,
6.95,
7.03,
8.22,
9.2,
10.39,
2.57,
2.06,
2.39,
6.58,
7.56,
7.84,
10.86,
12.23,
2.5,
2.07,
2.34,
4.9,
6.64,
7.59,
9.48,
9.93,
2.44,
2.03,
2.53,
4.63,
7.04,
7.41,
9.53,
13.08,
2.85,
2.02,
2.38,
4.75,
7.64,
7.14,
9.21,
10.63,
2.87,
2.22,
2.34,
5.28,
6.69,
6.96,
9.26,
10.22,
3.15,
2.5,
2.72,
6.37,
8.34,
7.95,
9.4,
10.14,
2.83,
2.18,
2.48,
6.69,
7.75,
7.91,
9.7,
10.6,
3.3,
2.46,
2.52,
4.6,
6.02,
7.37,
9.24,
10.91,
2.94,
2.42,
2.67,
5.28,
6.43,
7.19,
9.15,
12.95,
3.18,
2.06,
2.3,
5.25,
7.22,
6.7,
9.64,
9.17,
2.32,
2.35,
2.51,
5.18,
6.35,
9.59,
9.97,
11.25,
2.56,
1.98,
2.1,
4.24,
6.76,
7.63,
13.59,
18.91,
3.38,
2.56,
2.69,
5.09,
7.33,
9.77,
15.27,
22.44,
3.29,
2.39,
2.43,
5.73,
7.07,
8.51,
12.67,
13.86,
3.81,
2.21,
2.54,
5.99,
6.48,
8.5,
9.96,
13.97,
2.8,
2.23,
2.5,
5.17,
6.23,
7.9,
8.65,
9.92,
2.66,
2.1,
2.33,
5.55,
6.93,
7.55,
8.11,
11,
2.13,
1.67,
2.12,
4.99,
7.81,
9.4,
11.14,
13.39,
2.91,
2.11,
2.43,
5.66,
8.05,
8.38,
11.06,
14.4,
3.12,
2.31,
2.67,
9.15,
9.34,
9.54,
9.92,
11.32,
2.66,
2.1,
2.92,
7.45,
12.37,
10.56,
14.89,
15,
3.99,
3.09,
8.32,
8.44,
11.58,
18.45,
23.61,
27.11,
4.93,
3.84,
3.75,
8.02,
19.99,
34.86,
32.36,
45.52,
9.15,
6.61,
6.32,
10.16,
9.43,
10.26,
10.05,
15.15,
3.9,
2.31,
2.52,
7.1,
12.7,
9.88,
10.05,
13.98,
3.26,
2.73,
3.1,
11.01,
9.47,
13.02,
18.24,
21.41,
5.59,
2.84,
3.48,
9.31,
10.96,
12.37,
12.3,
16.41,
3.65,
2.17,
2.42,
6.7,
11.7,
10.69,
11.04,
13.76,
2.9,
2,
2.39,
7.32,
10.93,
9.86,
12.44,
18.05,
3.08,
2.18,
2.37,
5.14,
8.12,
7.4,
8.28,
11.27,
3.48,
2.43,
2.69,
6.78,
8.75,
9.17,
12.91,
17.17,
3.47,
2.63,
2.99,
6.87,
13.7,
10.88,
17.29,
35.62,
7.87,
4.65,
4.28,
9.83,
16.84,
16.96,
20.1,
18.81,
4.99,
6.96,
9.26,
20.21,
23.16,
19.85,
24.31,
39.62,
6.43,
3.81,
3.93,
9.77,
21.09,
41.09,
43.99,
55.78,
6.4,
3.88,
3.84,
9.7,
17.6,
33.64,
26.86,
21.64,
5.69,
3.84,
3.92,
12.54,
17.38,
17.3,
22.51,
40.78,
11.11,
6.77,
4.01,
10.16,
17.38,
21.54,
26.18,
33.6,
7.6,
6.25,
6.65,
10.9,
11.72,
12,
13.22,
25.15,
4.31,
3.18,
3.01,
7.81,
9.73,
10.03,
12.98,
22.86,
5.34,
4.4,
3.66,
8.21,
10.21,
10.01,
11.98,
15.24,
3.77,
2.82,
2.79,
8.56,
10.16,
9.42,
10.56,
17.99,
5.44,
3.47,
4.04,
9.23,
10.91,
11.19,
12.58,
18.45,
4.81,
3.87,
4.3,
8.15,
9.19,
9.14,
11.3,
21.02,
4.77,
2.76,
2.68,
6.63,
8.77,
9.8,
10.01,
14.16,
3.67,
2.47,
2.47,
7.08,
8.38,
10.03,
11.87,
18.86,
5.04,
3.1,
2.61,
7.81,
9.31,
10.07,
10.64,
12.73,
3.63,
2.85,
3.39,
9.18,
10.93,
11.52,
13.08,
11.58,
3.05,
2.41,
2.85,
8.27,
9.15,
10.09,
13.73,
14.1,
3.31,
2.36,
2.75,
8.43,
14.08,
17.31,
26.41,
39.84,
7.36,
5.86,
5.4,
8.49,
10.52,
9.88,
10.3,
12.73,
3.27,
2.24,
2.46,
5.99,
8.86,
9.55,
11.08,
14.96,
3.06,
2.51,
2.68,
7.26,
9.08,
12.22,
11.4,
12.03,
3.09,
2.14,
2.5,
7.36,
9.85,
9.39,
10.13,
12.24,
3.57,
2.96,
2.84,
7.88,
10.01,
8.85,
14.4,
17.4,
4.04,
2.68,
2.97,
7.69,
9.51,
13.41,
18.69,
22.32,
4.15,
2.98,
2.62,
8.68,
15.91,
22.35,
13.14,
15.75,
3.16,
2.01,
2.4,
4.43,
18.25,
28.29,
32.15,
14.54,
2.67,
1.66,
2.1,
5.75,
6.07,
11.9,
20.63,
28.93,
3.65,
3.11,
5.52,
9.91,
19.37,
28.66,
20.29,
20.11,
6.24,
3.27,
3.72,
10.14,
20.14,
17.34,
27.75,
22.43,
5.97,
3.71,
4.76,
7.27,
12.59,
12.94,
22.53,
31.67,
8.4,
3.26,
4.17,
9.89,
6.78,
12.78,
13.21,
19.65,
7.18,
3.78,
4.56,
10.58,
12.88,
18.09,
18.86,
15.14,
12.29,
5.55,
7.48,
16.25,
11.97,
21.47,
32.8,
37.09,
11.96,
5.12,
4.8,
9.07,
12.57,
17.48,
16.13,
17.51,
6.8,
3.79,
3.66,
8.56,
11.44,
18.96,
26.51,
43.07,
10.17,
6.2,
3.06,
7.65,
14.57,
16.48,
35.85,
39.78,
10.73,
5.87,
4.81,
9.02,
8.28,
12.5,
24.36,
39.78,
13.96,
6.19,
5.47,
8.34,
8.97,
16,
19.18,
28.31,
8.28,
4.16,
4.92,
9.61,
13.54,
19.87,
23.27,
42.49,
5.35,
2.86,
3.3,
9.11,
13.11,
18.35,
30.15,
43.65,
5.2,
3.68,
5.32,
7.27,
13.13,
13.24,
15.9,
20.8,
6.7,
4.28,
4.1,
9.78,
9.85,
10.93,
15.94,
22.11,
6.49,
4.12,
3.11,
6.03,
14.48,
13.84,
16.05,
16.89,
4.33,
3.99,
4.78,
8.08,
7.56,
13.98,
16.69,
30.32,
4.45,
2.53,
2.79,
5.79,
9.59,
16.84,
13.27,
11.99,
3.08,
2.37,
2.69,
8.45,
9.43,
11.96,
20.42,
13.02,
3.5,
2.74,
2.57,
6.37,
8.52,
16.27,
25.8,
32.9,
8.25,
3.75,
3.36,
7.64,
11.08,
6.09,
19.5,
21.2,
12.11,
6.74,
4.99,
12.54,
17.8,
18.17,
19.24,
21.52,
5.34,
3.43,
3.8,
13.27,
13.59,
19.63,
19.82,
20.63,
4.76,
3.46,
4.68,
11.88,
9.47,
16.48,
20.79,
20.93,
6.82,
4.46,
5.18,
14.28,
12.04,
9.34,
21.18,
24.24,
12.21,
11.49,
8.46,
12.65,
12.94,
21.54,
18.4,
15.45,
18.33,
6.99,
7.94,
22.53,
15.21,
16.76,
15.06,
31.28,
20.37,
10.24,
8.26,
24.93,
30.12,
33.52,
42.71,
46.55,
19.32,
12.03,
18.96,
28.21,
32.4,
16.93,
23.62,
25.76,
6.43,
4.09,
4.85,
14.41,
19.84,
24.24,
26.75,
21.75,
5.86,
4.3,
4.65,
12.87,
10.41,
13.94,
15.54,
14.38,
6.48,
5.3,
5.18,
14.3,
9.8,
13.32,
15.98,
23.92,
6.06,
4.59,
6.87,
12.43,
11.42,
10.76,
15.47,
19.07,
6.04,
7.23,
5.71,
13.11,
15.38,
15.55,
29.63,
38.12,
6.14,
4.69,
4.98,
9.97,
10.47,
17.45,
33.47,
37.07,
9.94,
4.96,
5.85,
11.4,
12.01,
24.81,
21.11,
25.27,
6.16,
4.06,
5.67,
13.13,
12.25,
18.22,
22.68,
27.3,
8.7,
4.35,
4.95,
10.72,
16.05,
17.46,
17.58,
23.52,
6.1,
4.11,
3.65,
9.05,
9.97,
12.45,
11.52,
15.93,
14.66,
4.86,
4.62,
10.78,
10.05,
12.56,
12.17,
13.77,
5.74,
3.68,
3.45,
8.96,
11.78,
12.3,
14.65,
17.63,
6.55,
3.49,
4.69,
12.76,
12.89,
15.25,
14.55,
16.56,
7.1,
3.72,
3.72,
11.47,
16.6,
16.56,
15.5,
11.01,
8.46,
8.62,
11.23,
9.98,
13.3,
19.31,
24.84,
15.93,
7.35,
9.05,
14.37,
29,
23.77,
26.03,
30.18,
27.9,
22.14,
6.24,
5.12,
15.33,
23.73,
24.37,
20.76,
26.19,
9.13,
4.16,
4.59,
10.61,
10.37,
17.81,
26.47,
29,
11.32,
6.56,
6.79,
12.51,
10.84,
13.86,
12.64,
20.9,
5.47,
3.31,
3.55,
9.97,
9.94,
12.94,
14.86,
15.05,
5.44,
4.9,
4.6,
11.03,
10.24,
12.8,
20.61,
18.64,
6.93,
4.57,
7.42,
11.97,
11.32,
15.01,
20.24,
20.66,
4.57,
4.17,
5.79,
18.08,
18.42,
15.44,
16.37,
18.42,
5.86,
5.77,
6.72,
16.03,
12.85,
18.84,
20.7,
28.95,
12.55,
10.24,
13.36,
11.35,
18.55,
18.86,
17.93,
18.84,
15.24,
4.93,
4.87,
17.86,
18.58,
14.47,
20.06,
21.04,
7.5,
5.23,
6.31,
18.78,
17.88,
19.52,
19.53,
20.36,
5.89,
4.08,
3.68,
11.63,
13.35,
22.97,
25.7,
20.96,
5.51,
4.54,
4.97,
12.59,
11.76,
13.67,
19.68,
27.88,
5.71,
4.99,
4.21,
12.77,
12.57,
10.81,
16.27,
31.55,
7.66,
4.8,
4.55,
11.25,
10.78,
14.62,
35.85,
55.99,
20.29,
6.25,
9.82,
15.25,
13.76,
20.52,
23.45,
26.51,
13.29,
11.61,
16.02,
21.01,
23.11,
30.79,
40.59,
64.57,
11.71,
7.15,
3.61,
10.8,
14.81,
12.5,
22.4,
29.07,
8.45,
5.12,
3.77,
11.81,
13.08,
15.25,
24.43,
35.28,
23.43,
11.05,
11.96,
19.37,
19.08,
24.68,
22.53,
22.09,
8.34,
7.38,
4.09,
9.61,
10.78,
11.81,
12.68,
18.76,
5.89,
3.09,
3.49,
8.45,
8.58,
14.27,
17.15,
21.08,
5.66,
4.45,
4.11,
9.52,
10.23,
19.4,
16.53,
22.35,
16.83,
8.52,
6.41,
12.49,
12.59,
21.22,
31.87,
45.33,
11.17,
5.04,
5.47,
8.64,
11.75,
16.94,
18.25,
18.58,
5.64,
3.77,
3.89,
13.23,
12.85,
17.5,
17.55,
18.45,
4.69,
3.55,
5.35,
12.01,
10.48,
11.47,
14.66,
14.99,
6.81,
3.52,
4.61,
13.23,
10.38,
12.98,
13.8,
10.55,
5.06,
4.43,
10.57,
10.79,
8.54,
5.58,
8.57,
12.5,
6.11,
2.24,
6.04,
8.02,
8.04,
7.82,
8.85,
8.91,
4.96,
3.47,
3.05,
8.97,
9.59,
10.59,
10.46,
11.67,
11.26,
4.85,
5.18,
13.04,
14.93,
15.57,
19.89,
22.52,
5.81,
4.81,
9.18,
16.53,
12.42,
15.78,
20.41,
23.12,
10.38,
5.68,
9.14,
17.96,
19.61,
26.53,
19.76,
21.37,
6.04,
5.32,
4.87,
10.31,
9.6,
13.7,
19.12,
21.03,
3.97,
2.93,
3.28,
9.82,
10.21,
15.82,
17.18,
18.41,
4.68,
3.02,
3.74,
10.57,
15.74,
15.22,
17.59,
16.58,
4.04,
4.29,
10.23,
13.33,
13.62,
21.85,
18.42,
18.7,
7.15,
4.04,
3.24,
12.47,
17.89,
22.06,
27.57,
37.31,
9.55,
4.3,
5.58,
23.38,
29.18,
17.41,
26.05,
27.7,
7.51,
5.42,
7.73,
13.49,
12.26,
15.83,
25.18,
24.26,
18.47,
6.96,
9.86,
23.94,
27.45,
19.68,
24.11,
36.12,
12.18,
5.67,
6.42,
17.63,
11.97,
18.75,
23.21,
27.3,
14.23,
5.84,
6.54,
16.52,
12.29,
11.8,
19.14,
14.77,
5.27,
4.05,
4.93,
14.3,
15.65,
21.71,
16.51,
16.82,
6.82,
4.37,
4.92,
12.78,
17.97,
11.55,
19.83,
19.08,
7.78,
5.06,
5.48,
15.3,
18.93,
24.73,
31.06,
31.55,
6.44,
6.85,
7.39,
18.03,
28.3,
38.08,
18.69,
16.26,
4.66,
3.74,
6.64,
12.45,
13.16,
11.84,
14.18,
15.59,
7.17,
5.88,
4.58,
15.68,
12.8,
21.16,
26.42,
20.17,
5.08,
3.82,
5.3,
11.11,
11.1,
12.54,
18.43,
19.63,
6.04,
4.04,
6.37,
12.16,
10.38,
9.31,
16.63,
14.58,
4.54,
3.33,
3.95,
12.84,
11.27,
17.67,
16.36,
15.2,
4.65,
3,
3.23,
15.27,
26.25,
18.45,
15.16,
15.14,
12.44,
9.62,
10.89,
15.96,
14.65,
18.92,
19.83,
22.19,
8.6,
7.31,
6.48,
11.2,
10.38,
14.55,
30.89,
42.03,
9.72,
6.87,
6.29,
12,
9.71,
12.61,
17.22,
21.86,
7.1,
6.53,
6.33,
11.2,
16.16,
26.2,
32.58,
41.43,
22.25,
10.14,
7.23,
17.13,
30.14,
38.22,
50.1,
29,
12.75,
6.88,
6.06,
14.84,
14.19,
17.89,
20.81,
21.45,
5.05,
4.19,
5.45,
16.4,
11.65,
13.08,
15.12,
19.4,
8.22,
6.47,
11.52,
18.32,
15.7,
15.18,
25.09,
38.92,
17.68,
11.73,
7.15,
15.29,
11.35,
15.04,
19.96,
27.26,
9.03,
4.51,
5.5,
12.07,
9.06,
13.01,
15.98,
21.22,
6.54,
4.25,
5.74,
12.8,
15.06,
14.5,
22.85,
33.43,
9.02,
5.37,
6.27,
10.74,
13.89,
22.31,
32.33,
54.39,
13.22,
8.55,
8.63,
12.73,
11.16,
16.58,
20.43,
33.23,
10.02,
5.67,
6.51,
11.9,
13.6,
13.35,
25.45,
25.13,
8.99,
7.38,
7.11,
9.3,
9.21,
11.33,
17.22,
18.59,
7.88,
4.78,
7.13,
13.78,
13.13,
12.16,
17.31,
22.38,
7.06,
5.27,
5.28,
14.19,
10.93,
10.51,
16.07,
33.51,
13.96,
11.13,
10.18,
21.86,
22.08,
30.85,
48.77,
50.91,
11.02,
7.44,
8.27,
12.84,
10.25,
15.89,
18.17,
28.74,
7.16,
4.69,
4.61,
9.76,
11.55,
16.78,
22.02,
20.77,
4.59,
3.35,
3.77,
14.69,
20.76,
14.58,
15.97,
15.96,
14.31,
5.07,
11.13,
21.44,
7.6,
11.63,
11.98,
8.57,
5.15,
5.09,
5.64,
6.2,
6.81,
7.14,
8.19,
8.32,
4.71,
5.12,
5.33,
11.23,
12.8,
17.71,
27.55,
42.39,
8.24,
8.74,
10.73,
21.77,
28,
23.41,
27.11,
30.48,
17.5,
10.27,
11.13,
20.61,
31.54,
46.97,
42.04,
55.43,
13.33,
10.43,
14.91,
30.11,
19.69,
15.64,
25.62,
38.99,
14.41,
5.79,
7.01,
11.25,
10.16,
14.22,
18.2,
20.81,
7,
4.81,
5.48,
10.82,
13.19,
20.66,
17.8,
19.26,
4.63,
3.39,
4.28,
15.5,
14.82,
17.33,
14.04,
14.64,
6.13,
3.43,
5.45,
22.01,
12.83,
13.17,
16.25,
23.65,
9.34,
4.94,
7.71,
26.08,
34.15,
44.41,
50.63,
45.83,
4.02,
3.27,
3.06,
8.47,
13.44,
15.22,
18.92,
23.14,
6.47,
4.84,
5.68,
13.52,
18.81,
19.47,
19.93,
22.53,
4.85,
3.71,
4.86,
14.11,
14.11,
17.64,
20.83,
21.51,
5.65,
4.31,
6.48,
11.14,
11.89,
13.4,
20.46,
30.97,
11.23,
6.76,
7.21,
13.88,
12.67,
14.24,
19.15,
23.9,
9.47,
5.92,
6.98,
12.73,
11.81,
16.96,
23.41,
33.53,
8.65,
5.23,
5.57,
19.39,
30.15,
20.72,
26.54,
36.15,
8.65,
6.95,
10.43,
22.92,
23.1,
25.2,
24.47,
27.11,
12.89,
11.79,
11.26,
17.72,
18.86,
20.38,
16.76,
13.8,
13.48,
8.9,
9.01,
12.96,
12.66,
14.02,
16.7,
22.84,
9.84,
4.48,
9.49,
22.09,
22.76,
21.57,
19.95,
21.13,
18.41,
12.86,
9.18,
17.66,
21.27,
17.46,
16.2,
27.12,
13.22,
7.33,
9.71,
21.75,
29.91,
25.45,
27.21,
29.89,
15.59,
11.22,
11.54,
27.73,
43.62,
32.27,
35.07,
33.41,
31.53,
12.66,
12.82,
21.25,
24.55,
37.51,
20.42,
26.19,
27.94,
10.96,
10.11,
17.36,
14.23,
18.35,
21.39,
26.92,
6.42,
4.74,
6.91,
11.87,
18.37,
29.5,
27.75,
42.95,
21.33,
8.53,
12.27,
26.24,
30.16,
30.42,
32.81,
22.06,
16.25,
11.52,
11.72,
21.48,
26.29,
38.09,
36.9,
29.17,
12.16,
8.59,
9.43,
19.5,
25.71,
33.6,
37.28,
44.99,
15.57,
12.17,
10.34,
24.2,
30.45,
22.1,
28.16,
31.18,
13.95,
9.73,
10.76,
19.27,
20.12,
22.33,
25.62,
27.95,
10.31,
8.04,
8.68,
25.07,
36.67,
26.22,
27.43,
26.15,
9.01,
7.47,
8.53,
24.15,
34.07,
26.47,
32.21,
40.31,
15.41,
10.96,
12.11,
24.47,
27.54,
26.66,
29,
34.36,
12.17,
8.57,
9.92,
26.3,
24.85,
25.18,
31.73,
38.85,
14.57,
11.25,
11.94,
20.15,
27.02,
45.68,
53.69,
57.83,
15.77,
11.07,
13.51,
26.36,
34.04,
31.02,
30.84,
32.06,
12.2,
9.65,
9.3,
19.39,
31.97,
28.46,
27.48,
23.2,
8.73,
6.93,
9.32,
27.17,
41.6,
20.42,
16.56,
17.4,
24.66,
12.4,
14.27,
25.79,
32.31,
31.67,
34.92,
28.41,
10.2,
6.62,
9,
21.1,
18.82,
25.17,
39.4,
31.54,
7.38,
5.43,
8.53,
23.18,
22.29,
36.65,
30.15,
22.47,
15.25,
6.06,
5.73,
18.39,
23.03,
36.36,
26.66,
29.77,
9.15,
5.29,
6.02,
18.82,
17.4,
17.99,
23.97,
25.59,
10.68,
6.47,
6.75,
20.38,
26.37,
30.12,
37.86,
37.18,
12.57,
8.25,
8.57,
23.3,
23.16,
18.7,
26.72,
42.9,
13.51,
9.63,
8.4,
20.78,
20.12,
27.47,
28.25,
34.21,
10.51,
5.84,
6.82,
22.14,
24.47,
27.62,
43.3,
27.71,
9.31,
7.07,
8.19,
16.14,
22.89,
33.43,
32.37,
34.86,
11.73,
9.09,
9.5,
24.45,
21.74,
23.58,
24.88,
25.94,
14.6,
11.57,
11.08,
20.61,
22.82,
24.04,
26.14,
30.51,
16.05,
10.59,
10.01,
21.93,
21.72,
21.14,
24.22,
21.91,
14.65,
10.46,
9.7,
15.4,
17.74,
22.64,
29.16,
33.7,
16.52,
8.55,
12.1,
20.63,
19.45,
22.07,
25.09,
29.45,
12.48,
8.51,
9.47,
20.12,
18.89,
24.22,
29.25,
27.53,
12.43,
7.27,
7.61,
21.41,
20.93,
29.29,
39.89,
42.22,
16.44,
8.5,
7.66,
18.23,
22.92,
21.31,
26.42,
30.67,
10,
5.12,
5.64,
18.18,
23.13,
35.75,
57.03,
32.66,
9.5,
5.33,
6.4,
21.99,
44.21,
46.97,
37.51,
39.89,
11.28,
6.77,
8.33,
25.95,
38.8,
53.85,
69.56,
81.71,
15.37,
6.58,
7.14,
25.62,
41.51,
38.62,
40.85,
33.55,
14.1,
6.59,
7.03,
22.2,
41.46,
50.05,
44,
44.74,
16.08,
9.51,
9.84,
24.31,
25.33,
34.45,
52.43,
57.25,
27.17,
11.35,
7.2,
21.68,
29.25,
26.81,
25.94,
29.39,
14.18,
5.33,
4.96,
19.91,
20.1,
27.1,
23.29,
19.88,
7.38,
4.19,
4.75,
17.04,
18.61,
17.22,
16.77,
20.94,
7.41,
3.66,
4.29,
18.83,
27.39,
32.48,
48.88,
48.9,
8.86,
3.61,
4.03,
15.86,
17.82,
18.63,
18.35,
15.77,
5.02,
3.11,
3.57,
14.83,
19.63,
17.35,
18.22,
18.22,
7.71,
5.38,
5.79,
17.64,
20.78,
19.09,
18.74,
19.72,
8.02,
6.04,
7.52,
18.16,
13.48,
22.05,
20.47,
21.54,
8.69,
5.51,
5.51,
17.12,
17.92,
18.69,
20.03,
18.47,
14.77,
7.7,
6.38,
14.57,
17.91,
25.79,
35.54,
37.47,
13.92,
5.48,
6.06,
23.43,
36.68,
27.21,
22.85,
21.17,
6.99,
3.91,
4.48,
16.64,
18.46,
21.58,
16.26,
19.08,
7.96,
5.23,
5.85,
15.51,
20.01,
20.43,
18.68,
17.61,
7.75,
5.24,
5.45,
19.51,
17.8,
15.67,
17.67,
22.96,
9.09,
5.75,
6.08,
17,
15.3,
23.01,
21.11,
22.8,
11.97,
5.65,
5.84,
16.33,
15.26,
20.74,
21.09,
24.05,
10.84,
4.76,
6.74,
21.93,
19.15,
29.52,
22.03,
23.66,
9.87,
4.68,
4.68,
15.53,
15.53,
18.39,
27.69,
36.29,
16.7,
6.81,
6.42,
21.56,
17.52,
18.26,
20.9,
24.05,
12.27,
5.9,
6.27,
22.59,
20.06,
23.57,
30.76,
27.09,
15.91,
6.12,
7.68,
21.64,
46.72,
57.49,
70.02,
52.07,
11.92,
6.96,
11.72,
21.68,
30.85,
21.7,
32.88,
53.16,
12.97,
7.34,
8.94,
28.5,
37.69,
47.93,
44.08,
49.5,
16.72,
7.91,
7.96,
26.21,
37.19,
26.41,
38.97,
35.75,
13.49,
5.75,
8.45,
21.78,
43.59,
62.13,
31.25,
24.49,
8.79,
5.09,
5.97,
17.2,
18.59,
22.52,
55.26,
46.2,
13.18,
5.83,
5.21,
16.92,
15.52,
24.83,
23.77,
20.24,
10.1,
4.85,
4.95,
15.25,
15.75,
21.84,
20.89,
21.76,
10.93,
7.07,
6.76,
15.38,
18.48,
18.34,
17.33,
19.07,
9.62,
7.55,
7.21,
19.32,
18.48,
17.45,
20.9,
28.37,
14.64,
7.95,
7.09,
15.76,
17.69,
26.2,
27.34,
25.29,
12.7,
6.58,
6.4,
18.46,
14.94,
18.31,
24.03,
23.77,
13.16,
6.49,
5.83,
16.79,
14.18,
21.22,
27.77,
26.53,
9,
4.31,
4.38,
15.53,
22.14,
22.38,
28.38,
31.16,
11.41,
4.38,
5.69,
17.89,
22.1,
26.51,
22.13,
36.4,
11.48,
5.43,
7.32,
18.4,
24.17,
20.86,
37.75,
61.94,
19.2,
7.89,
7.58,
18.2,
19.29,
21.96,
26.04,
35.75,
11.32,
6.77,
6.64,
20.8,
39.28,
54.72,
73.71,
40.3,
7.29,
3.44,
3.61,
11.32,
20.68,
18.09,
24.08,
25.63,
14.37,
9.38,
8.49,
16.47,
22.87,
16.67,
16.88,
17.39,
6.9,
5.44,
5.9,
16.62,
16.49,
16.93,
16.58,
18.61,
8.08,
5.16,
5.16,
16.71,
15.26,
20.67,
19.94,
28.12,
12.04,
5.76,
5.67,
15.1,
13.82,
21.21,
22.54,
27.71,
9.32,
4.03,
4.78,
14.52,
13,
16.87,
16.74,
23.08,
9.45,
5.6,
6.64,
15.72,
23.71,
37.46,
47.7,
69.36,
12.36,
5.11,
4.9,
16.32,
18.7,
26.7,
42.03,
35.43,
10.95,
4.88,
5.43,
14.01,
17.65,
21.86,
24.62,
21.4,
7.49,
4.02,
4.69,
11.82,
15.28,
24.02,
17.56,
16.67,
7.68,
4.79,
4.16,
12.37,
15.85,
19.28,
21.36,
24.72,
10.03,
4,
4.27,
12.28,
15.34,
17.88,
28.6,
24.22,
9.91,
3.83,
3.68,
10.48,
11.46,
12.89,
15.78,
14.5,
7.73,
6.46,
6.15,
16.4,
16.67,
16.07,
20.21,
26.38,
12.7,
8.46,
7.77,
19.13,
33.42,
30.98,
31.72,
47.4,
11.1,
6.38,
6.6,
17.64,
34.05,
41.67,
28.22,
27.58,
13.3,
4.71,
5.77,
19.64,
33.2,
34.17,
31.19,
42.24,
17.5,
7.21,
5.46,
13.78,
14.3,
16.87,
21.97,
23.28,
9.56,
3.94,
4.5,
11.81,
13.52,
17.18,
14.6,
18.72,
13.22,
7.76,
6.31,
14.52,
17.22,
24.32,
19.96,
22.11,
11.27,
6.28,
5.75,
13.66,
19.99,
23.16,
23.02,
43.46,
15.61,
6.33,
6.6,
16.4,
39.35,
42.74,
43.78,
47.08,
18.05,
7.43,
7.02,
23,
23.63,
31.64,
26.32,
28.79,
14.02,
6.09,
6.71,
20.59,
31.71,
45.91,
73.73,
66.62,
23.59,
8.04,
6.24,
18.64,
10.55,
12.75,
16.22,
24.91,
6.05,
2.95,
3.47,
11.08,
13.13,
13.68,
12.63,
31.32,
6.97,
3.62,
4.64,
13.53,
22.35,
24.83,
22.47,
37.2,
12.01,
6.95,
5.82,
14.06,
14.28,
14.94,
19.19,
40.33,
10.27,
4.14,
4.76,
16.08,
19.86,
15.16,
16.14,
34.25,
12.78,
6.42,
5.49,
16.48,
20.65,
21.5,
21.84,
12.35,
4.75,
3.04,
3.34,
12.38,
18.16,
28.03,
34.61,
34.96,
7.6,
4.49,
4.79,
12.7,
19.84,
28.56,
34.5,
33.04,
6.03,
5,
5.46,
14.66,
23.11,
32.21,
33.77,
47.59,
12.78,
6.25,
6.57,
14.59,
24.1,
43.86,
67.33,
75.28,
10.54,
3.41,
3.35,
13.02,
17.06,
33.64,
44.34,
53.62,
8.21,
4.92,
3.25,
14.59,
22.54,
15.76,
33.25,
36.27,
6.49,
3,
3.36,
10.9,
12.32,
34.15,
33.47,
34.58,
8.8,
4.84,
3.99,
13.14,
12.8,
34.27,
49.43,
57.64,
11.34,
3.52,
3.86,
12.92,
23.03,
29.18,
31.6,
56.81,
11.77,
3.99,
3.96,
11.48,
15.45,
11.59,
13.21,
23.04,
4.21,
3.02,
3.49,
8.56,
10.99,
11.22,
11.7,
19.7,
6.73,
5.13,
7.85,
16.04,
14.24,
18.77,
29.67,
18.03,
6.08,
4.79,
4.77,
14.22,
20.16,
23.49,
34.55,
51.07,
8.72,
4.15,
3.75,
11.26,
19.72,
20.59,
20.01,
19.5,
6.58,
3.9,
4.41,
13.22,
24.38,
19.1,
22.03,
39.73,
8.4,
4.36,
4.27,
14.55,
12.78,
11.2,
11.91,
16.69,
4.83,
3.08,
3.65,
9.49,
11.56,
11.48,
11.55,
18.33,
2.85,
2.36,
2.98,
8.69,
9.79,
9.88,
9.88,
13.74,
3.06,
2.28,
2.75,
8.48,
9.68,
9.92,
11.04,
17.47,
4.33,
3.26,
3.74,
9.68,
12.83,
13.24,
46.61,
25.97,
4.15,
2.97,
3.31,
9.27,
15.77,
17.97,
12.87,
16.75,
4.63,
3.42,
3.08,
9.25,
13.1,
18.21,
17.51,
19.99,
4.75,
3.39,
3.64,
10.31,
11.74,
23.17,
36.71,
41.39,
8.82,
4.37,
4.91,
15.5,
20.92,
16.84,
25.89,
37.5,
10.05,
6.59,
5.92,
13.65,
11.51,
10.89,
14.44,
18,
4.71,
3.6,
4.14,
9.75,
13.55,
12.31,
12.41,
12.43,
3.71,
2.98,
3.3,
9.29,
8.67,
8.63,
10.86,
13.39,
4.81,
3.33,
3.35,
10.23,
12.05,
10.94,
16.63,
23.98,
5.76,
3.86,
3.75,
9.25,
9.95,
13.08,
21.65,
30.54,
8.27,
5.09,
4.29,
11.13,
10.4,
11.1,
12.59,
18.06,
4.17,
2.36,
2.56,
7.42,
9.61,
10.56,
11.8,
16,
3.2,
2.22,
2.73,
7.78,
10.58,
12.83,
12.68,
18.54,
4.28,
2.77,
2.93,
9.04,
15.23,
13.06,
14.47,
16.29,
3.15,
2.33,
2.64,
5.46,
9.99,
12.21,
18.18,
26.98,
6.24,
3.15,
3.6,
10.15,
11.94,
11.97,
17.62,
31.03,
5.45,
2.98,
2.69,
7.58,
7.97,
8.06,
12.05,
19.06,
3.3,
2.67,
3.39,
6.86,
10.61,
10.75,
14.02,
19.39,
5.11,
2.97,
3.19,
7.5,
8.9,
10.48,
10.82,
14.43,
3.13,
3.06,
3.53,
8.52,
9.84,
10.63,
12.7,
27.28,
7.72,
3.83,
4.32,
11.27,
11.02,
12.06,
12.93,
22.88,
6.22,
3.54,
4.22,
9.84,
8.91,
12.18,
26.68,
38.86,
7.32,
4.03,
4.59,
10.82,
10.89,
13.32,
17.44,
31.7,
6.3,
4.08,
4.51,
11.24,
9.94,
11.25,
13.58,
19.79,
4.22,
2.96,
3.52,
9.4,
9.78,
12.08,
11.85,
23.9,
5.67,
2.8,
3.2,
8.34,
9.31,
9.91,
10.69,
11.34,
3.71,
2.47,
2.95,
7.66,
8.45,
8.6,
10.41,
11.8,
3.32,
2.48,
2.94,
8,
10.41,
8.86,
9.65,
10.37,
3.38,
2.79,
3.12,
7.37,
9.76,
10.56,
10.66,
16.94,
4.96,
3.27,
3.75,
6.98,
8.51,
9.12,
10.57,
11.11,
3.37,
2.66,
3.26,
7.05,
8.56,
8.45,
9.57,
10.92,
3.29,
2.59,
2.93,
7.46,
8.44,
8.85,
10.8,
12.58,
3.47,
2.52,
2.74,
8.65,
12.94,
12.97,
21.25,
26.08,
7.67,
3.21,
3.36,
9.42,
15.38,
22.41,
20.44,
21.39,
7.52,
4.1,
3.98,
11.85,
15.44,
16.91,
21.94,
40.29,
9.05,
4.33,
4.19,
13.3,
17.38,
18.76,
15.25,
25.29,
5.55,
2.91,
3.12,
8.21,
9.92,
8.99,
9.96,
11.65,
3.35,
2.5,
3.42,
9,
9.55,
9.36,
11.28,
12.64,
3.16,
2.34,
2.92,
6.35,
8.94,
8.91,
9.48,
11.36,
3.15,
2.31,
2.69,
7.15,
8.27,
8.97,
10.55,
11.84,
3.21,
2.32,
2.51,
5.55,
6.77,
7.22,
9.37,
13.33,
3.69,
2.49,
3,
7.39,
9.01,
10.28,
11.91,
17.89,
4.76,
2.66,
2.82,
5.95,
6.81,
10.44,
16.35,
24.66,
5.9,
2.96,
2.79,
7.63,
9.27,
9,
12.37,
18.59,
2.68,
1.92,
2.73,
5.82,
6.89,
9.3,
13.49,
18.81,
4.25,
2.53,
3.39,
7.41,
9.16,
10.33,
11.73,
9.31,
7.37,
4.51,
3.49,
12.04,
17.67,
18.49,
23.82,
28.11,
5.55,
4.23,
9.24,
18.89,
31.03,
27.68,
28.91,
30.6,
10.13,
4.95,
4.56,
9.38,
22.28,
38.28,
31.63,
25.55,
6.89,
4.43,
5.32,
14.65,
22.8,
21.19,
25.77,
23.56,
12.9,
8.81,
6.68,
14.72,
17.58,
20.03,
19,
27.33,
7.01,
4.61,
5.23,
10.97,
13.94,
15.56,
14.06,
15.96,
5.88,
4.13,
4.73,
9.72,
11.34,
11.14,
17.97,
45.28,
12.14,
7.55,
7.42,
10.34,
13.63,
22.03,
34.14,
47.91,
13.52,
5.74,
6.12,
11.74,
11.47,
10.45,
18.07,
27.17,
12.38,
6.06,
4.91,
10.74,
15.58,
14.92,
17.25,
24.45,
5.67,
3.38,
3.51,
11.24,
17.7,
23.89,
37.93,
49.58,
10.09,
6.03,
5.88,
11.99,
13.43,
16.03,
22.01,
23.53,
6.69,
4.28,
4.14,
10.25,
10.43,
16.09,
26.74,
43.51,
9.36,
8.36,
6.42,
12.15,
10.53,
16.07,
26.95,
44.37,
9.46,
6.07,
3.96,
9.11,
10.9,
17.29,
27.84,
31.26,
8.2,
4.11,
4.7,
10.45,
11.78,
13.7,
19.65,
30.25,
12.9,
6.81,
7.73,
15.77,
11.37,
12.89,
18.63,
32.43,
9.18,
6.92,
6.6,
10.81,
13.95,
20.73,
29.55,
23.8,
5.77,
4.04,
4.2,
10.74,
10.73,
13.23,
15.48,
19.04,
5.36,
3.76,
4.34,
9.53,
12.53,
14.45,
17.97,
20.93,
4.59,
3.68,
4.35,
10.45,
9.55,
13.1,
20.07,
34.32,
11.73,
8.1,
6.22,
12.34,
9.9,
15.92,
30.33,
33.65,
10.77,
8.77,
6.89,
15.62,
11.91,
17.65,
22.93,
38.84,
14.11,
10.31,
10.28,
18.77,
28.93,
29.65,
20.02,
25.66,
7.51,
5.03,
8.02,
22.42,
35.01,
46.52,
31.78,
23.54,
8.37,
5.9,
5.74,
12.99,
16.37,
15.39,
16.8,
17.04,
10.54,
8.79,
13.4,
20.52,
24.99,
30.1,
23.59,
26.05,
20.26,
9.86,
10.85,
23.23,
24.7,
31.66,
33.6,
38.95,
8.36,
6.71,
5.66,
11.77,
19.22,
18.99,
21,
20.33,
8.34,
5.97,
7.27,
13.54,
10.66,
13.4,
27.94,
47.6,
12.11,
7.98,
10.03,
22.18,
21.69,
26.85,
25.99,
46.49,
13.35,
7.24,
6.77,
19.01,
16.2,
16.65,
38.43,
34.14,
18.27,
10.33,
6.14,
16.49,
27.43,
30.86,
29.61,
17.86,
6.93,
5.32,
10.41,
18,
25.86,
31.15,
25.5,
30.74,
13.77,
7.11,
12.43,
23.49,
18.91,
19.04,
33.76,
47.97,
8.94,
5.56,
6.5,
13.83,
16.5,
17.29,
15.25,
18.49,
4.91,
3.8,
3.9,
9.42,
9.87,
9.59,
13.86,
23.2,
5.4,
3.29,
3.11,
8.28,
9.35,
9.05,
10.88,
24.01,
5.88,
4.31,
3.75,
8.56,
7.88,
8.77,
10.22,
13.62,
3.57,
2.68,
3.14,
10.48,
10.96,
10.43,
10.59,
15.7,
4.35,
2.9,
3.09,
9.79,
9.39,
9.84,
12.07,
16.52,
4.78,
3.89,
4.69,
10.51,
11.15,
10.31,
14.76,
23.02,
5.94,
3.14,
3.24,
9.02,
9.78,
13.05,
14.97,
16.38,
4.46,
3.21,
3.41,
11.15,
11.98,
9.85,
11.32,
12.87,
3.36,
3,
3.54,
10.82,
8.86,
10.38,
13.01,
24.99,
5.87,
4.88,
6.23,
12.68,
8.82,
16.76,
25.74,
22.9,
6.18,
4.51,
5.32,
9.99,
11.39,
15.64,
23.85,
32.69,
6.04,
4.34,
5.04,
8.05,
7.8,
17.72,
18.03,
20.37,
4.69,
3.9,
4.35,
6.68,
13.23,
9.64,
12.09,
17.57,
4.69,
2.93,
3.7,
10.88,
12.05,
15.96,
21.82,
23,
5.16,
3.69,
3.64,
10.19,
10.55,
19.02,
19.43,
33.24,
7.48,
4.5,
10.16,
12.11,
8.74,
18.58,
24.46,
38.16,
6.72,
4.76,
4.99,
13.09,
11.2,
16.06,
22.88,
29.3,
7.07,
4.59,
5.88,
7.59,
18.79,
15.27,
18.03,
27.63,
8.06,
5.87,
4.65,
11.42,
18.84,
15.49,
22.3,
32.14,
4.77,
2.86,
2.69,
7.45,
13.07,
13.16,
11,
11.71,
3.15,
3.1,
2.95,
7.54,
9.36,
15.2,
21.39,
22.89,
4.75,
2.69,
3.05,
8.3,
8.52,
9.39,
18.04,
20.37,
5.01,
3.02,
3,
9.01,
8.6,
11.41,
23.56,
18.72,
4.8,
3.92,
4.22,
10.77,
10.54,
11.52,
18.1,
16.42,
4.82,
4.15,
3.72,
9.84,
9.4,
11.73,
13.47,
18.66,
4.24,
3.4,
3.88,
8.45,
8.91,
12.44,
15.09,
16.23,
4.89,
3.48,
3.66,
10.87,
13.84,
14.66,
17.88,
17.54,
4.2,
2.97,
4.28,
11.71,
23.3,
22.29,
14.03,
15.83,
8.59,
4.28,
3.52,
13.1,
15.76,
10.19,
12.42,
17.8,
8.09,
5.25,
5.02,
11.11,
11.64,
13.93,
12.24,
9.51,
3.52,
3.19,
4.95,
11.95,
11.64,
13.41,
9.32,
8.8,
9.52,
7.1,
9.39,
16.65,
13.6,
19.32,
24.7,
27.8,
19.47,
14.57,
13.44,
15.67,
16.68,
11.69,
18.32,
26.42,
17.43,
6.03,
6.06,
12.65,
14.04,
15.06,
16.91,
14.67,
3.48,
3.41,
3.67,
15.39,
10.41,
12.94,
15.34,
16.33,
3.25,
3.73,
5.79,
11.46,
13.71,
14.8,
17.55,
30.85,
16.65,
5.85,
5.6,
11.27,
17.24,
24.19,
17.44,
13.93,
4.53,
2.57,
4.02,
14.26,
23.89,
26.47,
15.83,
17.33,
6.21,
4.76,
5.55,
12.33,
15.79,
26.5,
18.23,
22.3,
5.89,
4.44,
4.3,
9.38,
9.73,
17.41,
22.92,
16.03,
4.28,
3.28,
3.84,
12.04,
11.81,
16.06,
15.74,
17.47,
4.36,
2.84,
3.57,
11.37,
13.61,
14.48,
15.01,
17.44,
3.98,
2.94,
4.07,
11.37,
19.88,
17.48,
20.95,
18.86,
5.01,
4.22,
4.5,
11.61,
14.28,
18.88,
17.97,
18.59,
4.75,
4.06,
4.59,
9.77,
13.99,
14.69,
12.37,
14.54,
10.09,
3.57,
3.32,
13.41,
17.38,
13.73,
14.66,
18.23,
4.82,
3.51,
4.5,
11.56,
8.77,
10.86,
19.95,
23.2,
5.39,
3.88,
3.98,
8.89,
9.09,
10.03,
17.7,
17.99,
5.52,
2.84,
3.37,
7.78,
8.48,
10.97,
12.86,
17.72,
4.92,
3.78,
4.64,
8.93,
8.64,
12.52,
18.61,
23.8,
5.42,
3.88,
4.61,
9.95,
10.58,
25.82,
26.98,
16.57,
4,
3.51,
4.25,
13.31,
18.37,
14.76,
18.16,
18.85,
4.44,
3.55,
3.99,
10.72,
10.02,
